Sede,Servicio,Subclas,Subclas2,Concepto,Ago,Jul
CDMX,Congelación y Almacenamiento de Gametos,Almacenamiento,,(Ex) Mensualidad criopreservación óvulos y/o embriones,4862.070000000001,1758.62
CDMX,Congelación y Almacenamiento de Gametos,Almacenamiento,,Almacenamiento de gametos 1 año,472629.01999999996,413792.88999999996
CDMX,Congelación y Almacenamiento de Gametos,Almacenamiento,,Almacenamiento de gametos 5 años,392672.3300000001,310344.78
CDMX,Congelación y Almacenamiento de Gametos,Almacenamiento,,[EX] Anualidad Criopreservación de  Embriones,0.0,4310.34
CDMX,Congelación y Almacenamiento de Gametos,Congelación,,(EX) EmbryoScope Kit,6896.55,6896.56
CDMX,Congelación y Almacenamiento de Gametos,Congelación,,Congelamiento de embriones CDMX,165517.24,0.0
CDMX,Congelación y Almacenamiento de Gametos,Congelación,,Congelamiento de semen (por depósito) CDMX,4525.86,4310.34
CDMX,Congelación y Almacenamiento de Gametos,Congelación,,Congelamiento de semen (por depósito) CDMX - GDL - MET,25862.07,21551.940000000002
CDMX,Congelación y Almacenamiento de Gametos,Congelación,,Congelamiento de óvulos CDMX,555818.97,765301.73
CDMX,Congelación y Almacenamiento de Gametos,Congelación,,Desvitrificación,0.0,8620.69
CDMX,Congelación y Almacenamiento de Gametos,Congelación,,Desvitrificación (4 cryotops),40474.14,0.0
CDMX,Congelación y Almacenamiento de Gametos,Congelación,,EmbryoScope Kit Interno,17241.38,36637.93000000001
CDMX,Congelación y Almacenamiento de Gametos,Congelación,,Vitrificación de óvulos/embriones - CDMX,16982.76,0.0
CDMX,Congelación y Almacenamiento de Gametos,Congelación,,[EX] Captura+ Vitrificacion de ovocitos CDMX,160258.95,162963.88
CDMX,Congelación y Almacenamiento de Gametos,Congelación,,[EX] Desvitrificación CDMX,21340.989999999998,7931.03
CDMX,Congelación y Almacenamiento de Gametos,Congelación,,"[EX] Desvitrificación de óvulos congelados, Fertilización + Transferencia en fresco CDMX",21120.69,0.0
CDMX,Congelación y Almacenamiento de Gametos,Congelación,,[EX] Vitrificación,84074.6,77198.27000000002
CDMX,Consultas,Check up Ginecologico,,Check up ginecologico,16211.199999999999,19396.539999999997
CDMX,Consultas,Check up Integral,,check up integral,6034.48,0.0
CDMX,Consultas,Check-up SOP,,Consulta primera vez SOP,1551.72,3103.44
CDMX,Consultas,Colocación DIU,,Colocacion DIU Mirena [Consultorio],0.0,6465.52
CDMX,Consultas,Colocación DIU,,Colocacion DIU PLATA,0.0,3017.24
CDMX,Consultas,Consulta de Primera Vez IP's,,Cita primera vez IPS,8620.699999999999,2586.21
CDMX,Consultas,Consulta primera vez,,Consulta de primera vez,76896.46000000002,43319.32
CDMX,Consultas,Fertility Check up Hombres,,Check up Fertilidad Hombres,2155.17,1616.38
CDMX,Consultas,Fertility Check up Hombres,,Check up Fertilidad Hombres GDL,8362.060000000001,2155.17
CDMX,Consultas,Fertility Check up Mujeres,,Check up Fertilidad Mujeres,60575.81,67991.32
CDMX,Consultas,Fertility Check up Parejas,,Check up Fertilidad Parejas,45258.599999999984,50172.38999999999
CDMX,Consultas,Platica de resultado,,Consulta subsecuente,0.0,2844.8199999999997
CDMX,Consultas,Uso de Consultorio,,Uso de consultorio1hr con US,560.34,1120.68
CDMX,Farmacia,,,ASPIRINA PROTEC 100MG 28 TAB,10771.2,15091.2
CDMX,Farmacia,,,CUERPO AMARILLO FTE 6X2 50ML/2MG AMP (PROGESTERONA),56952.0,64071.0
CDMX,Farmacia,,,Ceftriaxona,300.0,0.0
CDMX,Farmacia,,,Cetrotide 0.25mg,231368.47999999998,244300.96000000002
CDMX,Farmacia,,,DUPHASTON 10 MG 20 TAB,2250.0,2250.0
CDMX,Farmacia,,,GONAL-F PEN2.0 - 300IU,82500.0,92510.0
CDMX,Farmacia,,,GONAL-F PEN2.0 - 900IU,516243.0,432705.0
CDMX,Farmacia,,,Gonapeptyl Daily 0.1 (por ampolla),33062.4,40147.200000000004
CDMX,Farmacia,,,LAB - RI WITNESS RFDI PATIENT ID CARDS 6-70-100/50 (PAQUETE 50 PZAS),431.03,0.0
CDMX,Farmacia,,,LEVONORGESTREL/ ETINILESTRADIOL 0.15/0.03MG 21 TAB (MICROGYNON),828.0,828.0
CDMX,Farmacia,,,Letz 2.5mg,12704.0,2400.0
CDMX,Farmacia,,,MOMENTS 50 MG 30 TABc,1900.0,950.0
CDMX,Farmacia,,,Merapur 75 UI (por ampolla),378089.8,313351.2
CDMX,Farmacia,,,OESTROGEL .0.06 / 100 G (ESTRADIOL EN GEL),4500.0,13500.0
CDMX,Farmacia,,,OVIDREL F-PEN 250MCG - PLUMAS,85634.0,70077.0
CDMX,Farmacia,,,PERGOVERIS PEN 300/150IU,0.0,17550.0
CDMX,Farmacia,,,PERGOVERIS PEN 450/225IU,57104.0,24900.0
CDMX,Farmacia,,,PERGOVERIS PEN 900/450IU,480861.0,605091.0
CDMX,Farmacia,,,PREDNISONA 20 MG C/30 TAB (METICORTEN) ASPEN,0.0,1500.0
CDMX,Farmacia,,,PRIMOGYN 2 MG C/28 GRAG,240700.0,253000.0
CDMX,Farmacia,,,REGENESIX MAX CAPSULAS,800.0,0.0
CDMX,Farmacia,,,REKOVELLE SOL FOR INJ 36MCG/1.08ML CON 6 AGUJA,19696.0,29544.0
CDMX,Farmacia,,,REKOVELLE SOL FOR INJ 72MCG/2.16ML CON 9 AGUJA,18300.0,73200.0
CDMX,Farmacia,,,SUPLEMENTO - FORCELL DUO,7849.14,3393.0
CDMX,Farmacia,,,SUPLEMENTO - FORCELL FEM,4475.0,3580.0
CDMX,Farmacia,,,SUPLEMENTO - FORCELL MEN,14172.0,2362.0
CDMX,Farmacia,,,UTROGESTAN 200 MG 14 CÁPSULAS,167216.0,172900.0
CDMX,Imágenes,,,Histerosonografía,3017.24,6034.48
CDMX,Imágenes,,,Ultrasonido,32887.84,55603.31
CDMX,Laboratorio,Laboratorio Clínico,Criopreservación y Andrología,Espermocultivo,2456.91,3275.88
CDMX,Laboratorio,Laboratorio Clínico,Cultivos y Orina,Cultivo de Exudado Vaginal,2801.7000000000003,5603.400000000001
CDMX,Laboratorio,Laboratorio Clínico,Cultivos y Orina,Cultivo de orina,474.14,0.0
CDMX,Laboratorio,Laboratorio Clínico,Cultivos y Orina,Panel de drogas en orina (III),1594.83,1594.83
CDMX,Laboratorio,Laboratorio Clínico,Cultivos y Orina,Urocultivo,3275.88,1637.94
CDMX,Laboratorio,Laboratorio Clínico,Genética y Cariotipos,Cariotipo en sangre periférica,7887.93,0.0
CDMX,Laboratorio,Laboratorio Clínico,Ginecología y ETS,Papanicolaou,10086.210000000001,12317.350000000002
CDMX,Laboratorio,Laboratorio Clínico,Ginecología y ETS,Perfil ETS,164379.34000000003,151008.69
CDMX,Laboratorio,Laboratorio Clínico,"Hormonas, Sangre y Perfiles",Androstenediona,0.0,387.93
CDMX,Laboratorio,Laboratorio Clínico,"Hormonas, Sangre y Perfiles",Antimulleriana AMH (Nanogramos),29310.38,11965.529999999999
CDMX,Laboratorio,Laboratorio Clínico,"Hormonas, Sangre y Perfiles",Biometria Hemática Pack,0.0,1140.5900000000001
CDMX,Laboratorio,Laboratorio Clínico,"Hormonas, Sangre y Perfiles",Citomegalovirus IgG,536.21,0.0
CDMX,Laboratorio,Laboratorio Clínico,"Hormonas, Sangre y Perfiles",Citomegalovirus IgM,536.21,0.0
CDMX,Laboratorio,Laboratorio Clínico,"Hormonas, Sangre y Perfiles",Creatinina,90.0,0.0
CDMX,Laboratorio,Laboratorio Clínico,"Hormonas, Sangre y Perfiles",Cultivos infecciosos masculinos,4310.34,0.0
CDMX,Laboratorio,Laboratorio Clínico,"Hormonas, Sangre y Perfiles",Estradiol,1564.6499999999999,4693.95
CDMX,Laboratorio,Laboratorio Clínico,"Hormonas, Sangre y Perfiles",Estudio Homosisteina,0.0,2000.0
CDMX,Laboratorio,Laboratorio Clínico,"Hormonas, Sangre y Perfiles",Examen general de orina,465.52,1163.8
CDMX,Laboratorio,Laboratorio Clínico,"Hormonas, Sangre y Perfiles",FSH,387.93,2327.58
CDMX,Laboratorio,Laboratorio Clínico,"Hormonas, Sangre y Perfiles","FSH, LH, Estradiol",0.0,1379.31
CDMX,Laboratorio,Laboratorio Clínico,"Hormonas, Sangre y Perfiles",Ferritina,0.0,722.42
CDMX,Laboratorio,Laboratorio Clínico,"Hormonas, Sangre y Perfiles",Folatos,0.0,438.79
CDMX,Laboratorio,Laboratorio Clínico,"Hormonas, Sangre y Perfiles",Globulina Transportadora de Hormonas sexuales ( SHBG),293.1,293.1
CDMX,Laboratorio,Laboratorio Clínico,"Hormonas, Sangre y Perfiles",Glucosa,1422.4499999999998,2655.24
CDMX,Laboratorio,Laboratorio Clínico,"Hormonas, Sangre y Perfiles",Grupo Sanguíneo RH,0.0,318.97
CDMX,Laboratorio,Laboratorio Clínico,"Hormonas, Sangre y Perfiles",Hemoglobina glicosilada,2370.7,7557.79
CDMX,Laboratorio,Laboratorio Clínico,"Hormonas, Sangre y Perfiles",Hepatitis B HBeAg,646.55,0.0
CDMX,Laboratorio,Laboratorio Clínico,"Hormonas, Sangre y Perfiles",Hepatitis B superficie HBsAg,862.07,0.0
CDMX,Laboratorio,Laboratorio Clínico,"Hormonas, Sangre y Perfiles",Hepatitis C,1637.94,0.0
CDMX,Laboratorio,Laboratorio Clínico,"Hormonas, Sangre y Perfiles",Hormona Luteinizante (LH),3650.8500000000004,5737.05
CDMX,Laboratorio,Laboratorio Clínico,"Hormonas, Sangre y Perfiles",Idice HOMA,0.0,303.28
CDMX,Laboratorio,Laboratorio Clínico,"Hormonas, Sangre y Perfiles",Insulina basal,6135.370000000002,10848.319999999998
CDMX,Laboratorio,Laboratorio Clínico,"Hormonas, Sangre y Perfiles",Marcadores tumorales ovario,4137.93,0.0
CDMX,Laboratorio,Laboratorio Clínico,"Hormonas, Sangre y Perfiles",Paquete Análisis Serología,110452.47,93340.42
CDMX,Laboratorio,Laboratorio Clínico,"Hormonas, Sangre y Perfiles",Paquete Hormonas Basales,7758.63,28448.309999999998
CDMX,Laboratorio,Laboratorio Clínico,"Hormonas, Sangre y Perfiles",Perfil TORCH IgG e IgM,6034.48,6034.48
CDMX,Laboratorio,Laboratorio Clínico,"Hormonas, Sangre y Perfiles",Perfil Tiroideo con Ac. Antitiroideos,11120.7,9156.04
CDMX,Laboratorio,Laboratorio Clínico,"Hormonas, Sangre y Perfiles",Perfil bioquímico de 35 elementos,0.0,2228.45
CDMX,Laboratorio,Laboratorio Clínico,"Hormonas, Sangre y Perfiles",Perfil de lípidos,2560.3500000000004,853.45
CDMX,Laboratorio,Laboratorio Clínico,"Hormonas, Sangre y Perfiles",Perfil disparo captura,1434.0,2585.98
CDMX,Laboratorio,Laboratorio Clínico,"Hormonas, Sangre y Perfiles",Perfil inicio,1985.1799999999998,0.0
CDMX,Laboratorio,Laboratorio Clínico,"Hormonas, Sangre y Perfiles",Perfil pre captura,0.0,412.07
CDMX,Laboratorio,Laboratorio Clínico,"Hormonas, Sangre y Perfiles",Perfil pre operatorio CDMX,3448.24,3017.209999999999
CDMX,Laboratorio,Laboratorio Clínico,"Hormonas, Sangre y Perfiles",Perfil pre operatorios,0.0,646.55
CDMX,Laboratorio,Laboratorio Clínico,"Hormonas, Sangre y Perfiles",Perfil pre transferencia,478.0,478.0
CDMX,Laboratorio,Laboratorio Clínico,"Hormonas, Sangre y Perfiles",Perfil prenatal,70172.52,41465.58
CDMX,Laboratorio,Laboratorio Clínico,"Hormonas, Sangre y Perfiles",Perfil preoperatorio básico,1120.69,0.0
CDMX,Laboratorio,Laboratorio Clínico,"Hormonas, Sangre y Perfiles",Perfil preparación endometrial,2868.0,478.0
CDMX,Laboratorio,Laboratorio Clínico,"Hormonas, Sangre y Perfiles",Perfil seguimiento folicular,956.0,3345.18
CDMX,Laboratorio,Laboratorio Clínico,"Hormonas, Sangre y Perfiles",Perfil tiroideo sin anticuerpos,1793.1,0.0
CDMX,Laboratorio,Laboratorio Clínico,"Hormonas, Sangre y Perfiles",Progesterona,4267.23,4267.23
CDMX,Laboratorio,Laboratorio Clínico,"Hormonas, Sangre y Perfiles",Prolactina,6982.740000000001,8146.530000000002
CDMX,Laboratorio,Laboratorio Clínico,"Hormonas, Sangre y Perfiles",Química Sanguínea 28 elementos,4308.63,7972.43
CDMX,Laboratorio,Laboratorio Clínico,"Hormonas, Sangre y Perfiles",Química Sanguínea 29 elementos,0.0,2931.04
CDMX,Laboratorio,Laboratorio Clínico,"Hormonas, Sangre y Perfiles",Química Sanguínea 6 elementos,0.0,560.34
CDMX,Laboratorio,Laboratorio Clínico,"Hormonas, Sangre y Perfiles",Subunidad beta cuantitativa,2370.7,1896.56
CDMX,Laboratorio,Laboratorio Clínico,"Hormonas, Sangre y Perfiles",T4 - Libre,0.0,827.58
CDMX,Laboratorio,Laboratorio Clínico,"Hormonas, Sangre y Perfiles",TSH,1939.65,5431.02
CDMX,Laboratorio,Laboratorio Clínico,"Hormonas, Sangre y Perfiles",Testosterona Total,1077.59,0.0
CDMX,Laboratorio,Laboratorio Clínico,"Hormonas, Sangre y Perfiles",Testosterona Total y Testosterona Libre,0.0,1637.94
CDMX,Laboratorio,Laboratorio Clínico,"Hormonas, Sangre y Perfiles",Tiempos de Coagulación,452.59,905.17
CDMX,Laboratorio,Laboratorio Clínico,"Hormonas, Sangre y Perfiles",VDRL,387.93,0.0
CDMX,Laboratorio,Laboratorio Clínico,"Hormonas, Sangre y Perfiles",Vitamina B-12,0.0,1003.45
CDMX,Laboratorio,Laboratorio Clínico,"Hormonas, Sangre y Perfiles",Vitamina D,0.0,1296.55
CDMX,Laboratorio,Laboratorio Clínico,"Hormonas, Sangre y Perfiles","Vitamina D 1,25-di-hidroxi colecalciferol (Con D3)",5517.24,5517.24
CDMX,Laboratorio,Laboratorio Externo,Biopsia,Biopsia de endometrio,4655.16,0.0
CDMX,Laboratorio,Laboratorio Externo,Biopsia,Patología Biopsia de endometrio,0.0,6249.99
CDMX,Laboratorio,Laboratorio Externo,"Hormonas, Sangre y Perfiles",DHA-S (DHEA-SO4),0.0,474.14
CDMX,Laboratorio,Laboratorio Externo,Patología,patología,3103.44,0.0
CDMX,Laboratorio,Laboratorio FI,Andrología,Espermatobioscopía (ED),15362.039999999999,15517.200000000003
CDMX,Laboratorio,Laboratorio FI,Andrología,Fragmentación del ADN espermático,54224.200000000004,78844.92
CDMX,Laboratorio,Laboratorio FI,Andrología,[EX] Espermatobioscopía,2586.2,1293.1
CDMX,Laboratorio,Laboratorio FI,Genética Embrionaria,PGT-A por embrion,1049913.74,825853.4400000001
CDMX,Otros,,,Devolución,0.0,-10150.0
CDMX,Otros,,,Servicios Administrativos,2586.21,18332.739999999998
CDMX,Otros,,,Traslado de gametos locales,2586.21,5172.42
CDMX,Otros,,,Traslado de gametos nacional,25862.06,0.0
CDMX,Procedimientos / Quirúrgicos,,,Aspiración de quiste - CDMX,0.0,60517.229999999996
CDMX,Procedimientos / Quirúrgicos,,,Biopsia testicular,28000.17,0.0
CDMX,Procedimientos / Quirúrgicos,,,Histeroscopia con energia,0.0,6724.14
CDMX,Procedimientos / Quirúrgicos,,,Histeroscopia diagnostica,215517.22000000003,185344.81000000003
CDMX,Procedimientos / Quirúrgicos,,,Sedación (Anestesia),0.0,10000.0
CDMX,Procedimientos / Quirúrgicos,,,Uso de Quirófano,0.0,8620.69
CDMX,Procedimientos / Quirúrgicos,,,[EX] Histeroscopia diagnostica,75431.04999999999,30172.42
CDMX,Procedimientos / Quirúrgicos,,,[EX] Punción de quiste GDL,0.0,11379.31
CDMX,Subrogación,,,All Inclusive Surrogacy Package CDMX,819396.91,543103.4400000001
CDMX,Subrogación,,,Essentials Surrogacy Package CDMX,94655.17,0.0
CDMX,Subrogación,,,Integrated Frozen Donor Surrogacy Package CDMX,546206.9,0.0
CDMX,Subrogación,,,Valoración subrogada,2844.82,4267.2300000000005
CDMX,Tratamientos de Fertilidad (FIV/ICSI),Coito Programado,,Coito programado - CDMX,8620.68,4310.34
CDMX,Tratamientos de Fertilidad (FIV/ICSI),Donación,,Donación esperma - LAFER - Europeo,43103.44,21551.72
CDMX,Tratamientos de Fertilidad (FIV/ICSI),Donación,,Donadora de ovulos categoria 3,146551.72,0.0
CDMX,Tratamientos de Fertilidad (FIV/ICSI),Donación,,Donante Europeo E,47413.79,0.0
CDMX,Tratamientos de Fertilidad (FIV/ICSI),Donación,,Donante Europeo M,24137.93,0.0
CDMX,Tratamientos de Fertilidad (FIV/ICSI),Donación,,Óvulos FI,250000.0,0.0
CDMX,Tratamientos de Fertilidad (FIV/ICSI),FIV / ICSI,,20 Óvulos Garantizados / 20 Eggs Guaranteed CDMX,232758.62,116379.31
CDMX,Tratamientos de Fertilidad (FIV/ICSI),FIV / ICSI,,FIV con 3 Transferencias / IVF with 3 Transfers - CDMX,1496551.7599999998,1599137.9699999997
CDMX,Tratamientos de Fertilidad (FIV/ICSI),FIV / ICSI,,"Fertilización, crecimiento y desarrollo embrionario a día 5",33965.52,0.0
CDMX,Tratamientos de Fertilidad (FIV/ICSI),FIV / ICSI,,[EX] Biopsia testicular para FIV/ ICSI,0.0,13793.1
CDMX,Tratamientos de Fertilidad (FIV/ICSI),FIV / ICSI,,[EX] Captura + fertilización CDMX,287500.0,329770.5
CDMX,Tratamientos de Fertilidad (FIV/ICSI),FIV / ICSI,,[EX] Captura CDMX,43620.69,0.0
CDMX,Tratamientos de Fertilidad (FIV/ICSI),FIV / ICSI,,[EX] Captura sin recuperación CDMX,16810.34,0.0
CDMX,Tratamientos de Fertilidad (FIV/ICSI),FIV / ICSI,,[EX] Fertilización,17499.989999999998,0.0
CDMX,Tratamientos de Fertilidad (FIV/ICSI),Inseminación Intrauterina (IIU),,Inseminacion CDMX,30603.449999999997,57931.04000000001
CDMX,Tratamientos de Fertilidad (FIV/ICSI),Inseminación Intrauterina (IIU),,"[EX] Inseminación Intrauterina (Incluye: Uso de consultorio, enfermera, capacitación y consumibles)",6465.52,6465.52
CDMX,Tratamientos de Fertilidad (FIV/ICSI),Transferencia Embrionaria,,Preparación endometrial,0.0,34482.76
CDMX,Tratamientos de Fertilidad (FIV/ICSI),Transferencia Embrionaria,,Transferencia embrionaria - CDMX,0.0,11206.9
CDMX,Tratamientos de Fertilidad (FIV/ICSI),Transferencia Embrionaria,,[EX] Transferencia de congelados CDMX,195754.12999999998,230431.01999999996
CDMX,Tratamientos de Fertilidad (FIV/ICSI),Transferencia Embrionaria,,[FET] Transferencia de Embrión Congelado CDMX,896961.12,746465.4699999999
CDMX,Wellness,Acupuntura,,Sesión de Acupuntura - CDMX,8312.05,3010.34
CDMX,Wellness,Masajes,,Sesión de Masaje - CDMX,1551.72,0.0
CDMX,Wellness,Nutrición,,Consulta de nutrición CDMX,0.0,7665.5
GDL,Congelación y Almacenamiento de Gametos,Almacenamiento,,Almacenamiento de gametos 1 año,73275.82999999999,43103.509999999995
GDL,Congelación y Almacenamiento de Gametos,Almacenamiento,,Almacenamiento de gametos 5 años,47413.79000000001,21982.75
GDL,Congelación y Almacenamiento de Gametos,Congelación,,Congelamiento de semen (por depósito) CDMX - GDL - MET,17672.41,6034.48
GDL,Congelación y Almacenamiento de Gametos,Congelación,,Congelamiento de óvulos GDL - MET,256034.49,0.0
GDL,Congelación y Almacenamiento de Gametos,Congelación,,[EX] Captura + Fertilización + VItrificación (Embryo Freezing) GDL,60344.82000000001,30172.41
GDL,Congelación y Almacenamiento de Gametos,Congelación,,[EX] Captura+ Vitrificacion de ovocitos GDL,42241.380000000005,72413.79000000001
GDL,Congelación y Almacenamiento de Gametos,Congelación,,[EX] Desvitrificación GDL,59666.34999999999,18103.44
GDL,Congelación y Almacenamiento de Gametos,Congelación,,"[EX] Desvitrificación de óvulos congelados, Fertilización + Transferencia en fresco GDL",18103.45,0.0
GDL,Congelación y Almacenamiento de Gametos,Congelación,,[EX] Vitrificación,89655.15000000001,27586.2
GDL,Consultas,Check up Ginecologico,,Check up ginecologico,36637.899999999994,24568.919999999995
GDL,Consultas,Check up Integral,,Check up Integral,9051.72,0.0
GDL,Consultas,Check-up SOP,,Consulta primera vez SOP,40861.96,11379.279999999999
GDL,Consultas,Colocación DIU,,Colocacion DIU Mirena [Consultorio],12284.490000000002,0.0
GDL,Consultas,Consulta Obstetricia,,Consulta obstetricia,7758.6,0.0
GDL,Consultas,Consulta primera vez,,Consulta de primera vez,31810.299999999996,23706.839999999997
GDL,Consultas,Fertility Check up Hombres,,Check up Fertilidad Hombres GDL,0.0,8620.68
GDL,Consultas,Fertility Check up Mujeres,,Check up Fertilidad Mujeres,33982.729999999996,21253.44
GDL,Consultas,Fertility Check up Parejas,,Check up Fertilidad Parejas,35086.18999999999,9051.72
GDL,Consultas,Platica de resultado,,Plática de resultados,0.0,1551.72
GDL,Consultas,Uso de Consultorio,,Uso de consultorio1hr con US,1120.68,948.6600000000001
GDL,Farmacia,,,ASPIRINA PROTEC 100MG 28 TAB,240.0,0.0
GDL,Farmacia,,,Cetrotide 0.25mg,40614.399999999994,24048.0
GDL,Farmacia,,,GONAL-F PEN2.0 - 300IU,16500.0,5500.0
GDL,Farmacia,,,GONAL-F PEN2.0 - 900IU,136500.0,122850.0
GDL,Farmacia,,,Gonapeptyl Daily 0.1 (por ampolla),6528.0,1920.0
GDL,Farmacia,,,Letz 2.5mg,3040.0,1600.0
GDL,Farmacia,,,MYO D-CHIRO 40:1 (HOLIHERB),0.0,1970.0
GDL,Farmacia,,,Merapur 75 UI (por ampolla),55180.0,48950.0
GDL,Farmacia,,,OVIDREL F-PEN 250MCG - PLUMAS,23030.0,11178.95
GDL,Farmacia,,,PERGOVERIS PEN 900/450IU,130170.01000000001,45450.0
GDL,Farmacia,,,PRIMOGYN 2 MG C/28 GRAG,17000.0,3000.0
GDL,Farmacia,,,PROVERA 5 MG 24 TAB,450.0,0.0
GDL,Farmacia,,,SUPLEMENTO ONE,1034.48,1034.48
GDL,Farmacia,,,UTROGESTAN 200 MG 14 CÁPSULAS,9800.0,2800.0
GDL,Imágenes,,,Ultrasonido,5172.4,16207.720000000001
GDL,Laboratorio,Laboratorio Clínico,Criopreservación y Andrología,Espermocultivo,818.97,818.97
GDL,Laboratorio,Laboratorio Clínico,Cultivos y Orina,Cultivo de Exudado Vaginal,1120.68,1681.02
GDL,Laboratorio,Laboratorio Clínico,Ginecología y ETS,Papanicolaou,3060.3500000000004,3362.07
GDL,Laboratorio,Laboratorio Clínico,Ginecología y ETS,Perfil ETS,28448.280000000002,21810.339999999997
GDL,Laboratorio,Laboratorio Clínico,"Hormonas, Sangre y Perfiles",Acido úrico,0.0,118.1
GDL,Laboratorio,Laboratorio Clínico,"Hormonas, Sangre y Perfiles",Antimulleriana AMH (Nanogramos),8620.7,5172.42
GDL,Laboratorio,Laboratorio Clínico,"Hormonas, Sangre y Perfiles",BUN,0.0,86.21
GDL,Laboratorio,Laboratorio Clínico,"Hormonas, Sangre y Perfiles",Biometria Hemática Pack,775.86,0.0
GDL,Laboratorio,Laboratorio Clínico,"Hormonas, Sangre y Perfiles",CA 125,560.34,0.0
GDL,Laboratorio,Laboratorio Clínico,"Hormonas, Sangre y Perfiles",Creatinina,0.0,180.0
GDL,Laboratorio,Laboratorio Clínico,"Hormonas, Sangre y Perfiles",Cultivo de anaerobios,560.34,0.0
GDL,Laboratorio,Laboratorio Clínico,"Hormonas, Sangre y Perfiles",Cultivo de secreción,560.34,0.0
GDL,Laboratorio,Laboratorio Clínico,"Hormonas, Sangre y Perfiles",Estradiol,1564.6499999999999,521.55
GDL,Laboratorio,Laboratorio Clínico,"Hormonas, Sangre y Perfiles",FSH,775.86,336.21
GDL,Laboratorio,Laboratorio Clínico,"Hormonas, Sangre y Perfiles",Globulina Transportadora de Hormonas sexuales ( SHBG),293.1,293.1
GDL,Laboratorio,Laboratorio Clínico,"Hormonas, Sangre y Perfiles",Glucosa,189.66,379.32
GDL,Laboratorio,Laboratorio Clínico,"Hormonas, Sangre y Perfiles",Grupo Sanguíneo RH,637.94,0.0
GDL,Laboratorio,Laboratorio Clínico,"Hormonas, Sangre y Perfiles",Hemoglobina glicosilada,0.0,688.8
GDL,Laboratorio,Laboratorio Clínico,"Hormonas, Sangre y Perfiles",Hepatitis B superficie HBsAg,0.0,862.07
GDL,Laboratorio,Laboratorio Clínico,"Hormonas, Sangre y Perfiles",Hormona Luteinizante (LH),1564.6499999999999,521.55
GDL,Laboratorio,Laboratorio Clínico,"Hormonas, Sangre y Perfiles",Insulina basal,1370.69,2660.3599999999997
GDL,Laboratorio,Laboratorio Clínico,"Hormonas, Sangre y Perfiles",Panel de detección de 10 ETS,4741.38,0.0
GDL,Laboratorio,Laboratorio Clínico,"Hormonas, Sangre y Perfiles",Paquete Análisis Serología,8620.68,4310.34
GDL,Laboratorio,Laboratorio Clínico,"Hormonas, Sangre y Perfiles",Paquete Hormonas Basales,0.0,2586.21
GDL,Laboratorio,Laboratorio Clínico,"Hormonas, Sangre y Perfiles",Perfil Hepatico,566.38,629.31
GDL,Laboratorio,Laboratorio Clínico,"Hormonas, Sangre y Perfiles",Perfil de lípidos,2475.0,4320.7
GDL,Laboratorio,Laboratorio Clínico,"Hormonas, Sangre y Perfiles",Perfil pre operatorios,862.06,0.0
GDL,Laboratorio,Laboratorio Clínico,"Hormonas, Sangre y Perfiles",Perfil preparación endometrial,956.0,0.0
GDL,Laboratorio,Laboratorio Clínico,"Hormonas, Sangre y Perfiles",Progesterona,387.93,0.0
GDL,Laboratorio,Laboratorio Clínico,"Hormonas, Sangre y Perfiles",Prolactina,1163.79,775.86
GDL,Laboratorio,Laboratorio Clínico,"Hormonas, Sangre y Perfiles",Química Sanguínea 28 elementos,2931.04,2931.04
GDL,Laboratorio,Laboratorio Clínico,"Hormonas, Sangre y Perfiles",Química Sanguínea 6 elementos,504.31,93.1
GDL,Laboratorio,Laboratorio Clínico,"Hormonas, Sangre y Perfiles",Subunidad beta cuantitativa,0.0,948.28
GDL,Laboratorio,Laboratorio Clínico,"Hormonas, Sangre y Perfiles",T3 - Total,0.0,87.14
GDL,Laboratorio,Laboratorio Clínico,"Hormonas, Sangre y Perfiles",T4 - Libre,827.58,946.5500000000001
GDL,Laboratorio,Laboratorio Clínico,"Hormonas, Sangre y Perfiles",T4 - Total,0.0,87.12
GDL,Laboratorio,Laboratorio Clínico,"Hormonas, Sangre y Perfiles",TSH,2288.79,775.86
GDL,Laboratorio,Laboratorio Clínico,"Hormonas, Sangre y Perfiles",Testosterona Libre,1077.59,0.0
GDL,Laboratorio,Laboratorio Clínico,"Hormonas, Sangre y Perfiles",Testosterona Total,275.86,0.0
GDL,Laboratorio,Laboratorio Clínico,"Hormonas, Sangre y Perfiles",Testosterona Total y Testosterona Libre,818.97,818.97
GDL,Laboratorio,Laboratorio Clínico,"Hormonas, Sangre y Perfiles",Testosterona biodisponible,1379.31,0.0
GDL,Laboratorio,Laboratorio Clínico,"Hormonas, Sangre y Perfiles",Tiempos de Coagulación,905.17,0.0
GDL,Laboratorio,Laboratorio Clínico,"Hormonas, Sangre y Perfiles",VDRL,387.93,0.0
GDL,Laboratorio,Laboratorio Clínico,"Hormonas, Sangre y Perfiles",Vitamina B-12,810.34,0.0
GDL,Laboratorio,Laboratorio Clínico,"Hormonas, Sangre y Perfiles","Vitamina D 1,25-di-hidroxi colecalciferol (Con D3)",5646.549999999999,12866.380000000001
GDL,Laboratorio,Laboratorio Externo,Biopsia,Biopsia de endometrio,1551.72,1551.72
GDL,Laboratorio,Laboratorio Externo,"Hormonas, Sangre y Perfiles","Ac. Anti TPO (Tiroperoxidasa, Microsomales)",1060.19,0.0
GDL,Laboratorio,Laboratorio FI,Andrología,Espermatobioscopía (ED),10215.49,15517.2
GDL,Laboratorio,Laboratorio FI,Andrología,Fragmentación del ADN espermático,47586.259999999995,13793.12
GDL,Laboratorio,Laboratorio FI,Genética Embrionaria,PGT-A por embrion,362069.07,362241.52
GDL,Otros,,,Servicios Administrativos,0.0,21551.72
GDL,Otros,,,Traslado de gametos locales,0.0,2586.21
GDL,Procedimientos / Quirúrgicos,,,Histeroscopia diagnostica,43103.44,34482.76
GDL,Procedimientos / Quirúrgicos,,,Sedación (Anestesia),5172.41,0.0
GDL,Procedimientos / Quirúrgicos,,,[EX] Histeroscopia diagnostica,0.0,24482.78
GDL,Tratamientos de Fertilidad (FIV/ICSI),Donación,,Donación esperma - LAFER - Europeo,0.0,21551.72
GDL,Tratamientos de Fertilidad (FIV/ICSI),Donación,,Donación esperma - LAFER - Extranjero,0.0,34482.76
GDL,Tratamientos de Fertilidad (FIV/ICSI),Donación,,Donación esperma - LAFER - Nacional,0.0,38793.1
GDL,Tratamientos de Fertilidad (FIV/ICSI),FIV / ICSI,,FIV con 3 Transferencias / IVF with 3 Transfers- GDL,151724.14,80603.45
GDL,Tratamientos de Fertilidad (FIV/ICSI),FIV / ICSI,,[EX] Biopsia testicular para FIV/ ICSI,13793.1,0.0
GDL,Tratamientos de Fertilidad (FIV/ICSI),FIV / ICSI,,[EX] Captura + Fertilización GDL,0.0,23275.86
GDL,Tratamientos de Fertilidad (FIV/ICSI),FIV / ICSI,,[EX] Captura GDL,204958.08999999997,8620.69
GDL,Tratamientos de Fertilidad (FIV/ICSI),FIV / ICSI,,[EX] Captura sin recuperación GDL,12931.04,0.0
GDL,Tratamientos de Fertilidad (FIV/ICSI),FIV / ICSI,,[EX] Fertilización,65700.82999999997,6034.48
GDL,Tratamientos de Fertilidad (FIV/ICSI),Inseminación Intrauterina (IIU),,Inseminacion GDL,62198.29,15948.28
GDL,Tratamientos de Fertilidad (FIV/ICSI),Inseminación Intrauterina (IIU),,"[EX] Inseminación Intrauterina (Incluye: Uso de consultorio, enfermera, capacitación y consumibles)",32327.600000000002,12931.04
GDL,Tratamientos de Fertilidad (FIV/ICSI),Transferencia Embrionaria,,[EX] Transferencia GDL,36206.88,12068.96
GDL,Tratamientos de Fertilidad (FIV/ICSI),Transferencia Embrionaria,,[EX] Transferencia de congelados GDL,75000.0,12500.0
GDL,Tratamientos de Fertilidad (FIV/ICSI),Transferencia Embrionaria,,[FET] Transferencia de Embrión Congelado GDL - MET,0.0,58232.76
GDL,Wellness,Nutrición,,Consulta de nutrición GDL,2413.79,1379.31
GDL,Wellness,Psicología,,Terapia individual - GDL,1034.48,1034.48
MTP,Congelación y Almacenamiento de Gametos,Almacenamiento,,Almacenamiento de gametos 1 año,43103.42,4310.34
MTP,Congelación y Almacenamiento de Gametos,Almacenamiento,,Almacenamiento de gametos 5 años,17241.38,0.0
MTP,Congelación y Almacenamiento de Gametos,Congelación,,Congelamiento de embriones MET,54956.9,0.0
MTP,Congelación y Almacenamiento de Gametos,Congelación,,Congelamiento de semen (por depósito) CDMX - GDL - MET,4310.34,4310.34
MTP,Consultas,Check up Ginecologico,,Check up ginecologico,1293.1,3879.2999999999997
MTP,Consultas,Consulta primera vez,,Consulta de primera vez,0.0,862.07
MTP,Consultas,Fertility Check up Mujeres,,Check up Fertilidad Mujeres,3622.41,7415.51
MTP,Consultas,Fertility Check up Parejas,,Check up Fertilidad Parejas,9051.72,3017.24
MTP,Consultas,Platica de resultado,,Plática de resultados,0.0,517.24
MTP,Farmacia,,,ASPIRINA PROTEC 100MG 28 TAB,720.0,480.0
MTP,Farmacia,,,Cetrotide 0.25mg,28056.0,18704.0
MTP,Farmacia,,,GONAL-F PEN2.0 - 300IU,22000.0,27500.0
MTP,Farmacia,,,GONAL-F PEN2.0 - 900IU,95550.0,81900.0
MTP,Farmacia,,,Gonapeptyl Daily 0.1 (por ampolla),4800.0,1920.0
MTP,Farmacia,,,LEVONORGESTREL/ ETINILESTRADIOL 0.15/0.03MG 21 TAB (MICROGYNON),1656.0,0.0
MTP,Farmacia,,,Letz 2.5mg,800.0,0.0
MTP,Farmacia,,,Merapur 75 UI (por ampolla),68530.0,84550.0
MTP,Farmacia,,,NOCELE 30 CAPSULAS,1500.0,0.0
MTP,Farmacia,,,OGESTAN ANDRACTIV 30 CAPSULAS,500.0,0.0
MTP,Farmacia,,,OMEGA 3 DE 90 CÁPS (MATTER),0.0,1120.69
MTP,Farmacia,,,OVIDREL F-PEN 250MCG - PLUMAS,14100.0,7050.0
MTP,Farmacia,,,PREDNISONA 20 MG C/30 TAB (METICORTEN) ASPEN,750.0,1500.0
MTP,Farmacia,,,PRIMOGYN 2 MG C/28 GRAG,4000.0,6000.0
MTP,Farmacia,,,REGENESIX MAX CAPSULAS,2400.0,0.0
MTP,Farmacia,,,SUPLEMENTO - FORCELL FEM,0.0,895.0
MTP,Farmacia,,,SUPLEMENTO - FORCELL MEN,2362.0,7086.0
MTP,Farmacia,,,UTROGESTAN 100MG CAP CAJ C/30,8450.0,13000.0
MTP,Imágenes,,,Histerosonografía,3017.24,0.0
MTP,Imágenes,,,Ultrasonido,5172.4,7758.610000000001
MTP,Laboratorio,Laboratorio Clínico,Ginecología y ETS,Papanicolaou,3362.07,1120.69
MTP,Laboratorio,Laboratorio Clínico,"Hormonas, Sangre y Perfiles",Estradiol,0.0,521.55
MTP,Laboratorio,Laboratorio Clínico,"Hormonas, Sangre y Perfiles",Examen general de orina,232.76,465.52
MTP,Laboratorio,Laboratorio Clínico,"Hormonas, Sangre y Perfiles",FSH,0.0,387.93
MTP,Laboratorio,Laboratorio Clínico,"Hormonas, Sangre y Perfiles",Glucosa,379.32,379.32
MTP,Laboratorio,Laboratorio Clínico,"Hormonas, Sangre y Perfiles",Grupo Sanguíneo RH,0.0,318.97
MTP,Laboratorio,Laboratorio Clínico,"Hormonas, Sangre y Perfiles",Hormona Luteinizante (LH),0.0,521.55
MTP,Laboratorio,Laboratorio Clínico,"Hormonas, Sangre y Perfiles",Insulina basal,1422.42,1896.56
MTP,Laboratorio,Laboratorio Clínico,"Hormonas, Sangre y Perfiles",Paquete Análisis Serología,4310.34,15086.19
MTP,Laboratorio,Laboratorio Clínico,"Hormonas, Sangre y Perfiles",Perfil androgenico femenino,2155.17,4310.34
MTP,Laboratorio,Laboratorio Clínico,"Hormonas, Sangre y Perfiles",Perfil bioquímico de 24 elementos,1185.34,1185.34
MTP,Laboratorio,Laboratorio Clínico,"Hormonas, Sangre y Perfiles",Perfil tiroideo sin anticuerpos,1793.1,1793.1
MTP,Laboratorio,Laboratorio Clínico,"Hormonas, Sangre y Perfiles",Prolactina,387.93,387.93
MTP,Laboratorio,Laboratorio Clínico,"Hormonas, Sangre y Perfiles",Química Sanguínea 28 elementos,0.0,1465.52
MTP,Laboratorio,Laboratorio Clínico,"Hormonas, Sangre y Perfiles",Subunidad beta cuantitativa,0.0,474.14
MTP,Laboratorio,Laboratorio Clínico,"Hormonas, Sangre y Perfiles",TSH,387.93,387.93
MTP,Laboratorio,Laboratorio Clínico,"Hormonas, Sangre y Perfiles",Tiempos de Coagulación,0.0,905.17
MTP,Laboratorio,Laboratorio Externo,"Hormonas, Sangre y Perfiles",Paquete estudios diagnóstico - MET,18750.0,33750.0
MTP,Laboratorio,Laboratorio FI,Andrología,Espermatobioscopía (ED),5172.4,6465.5
MTP,Laboratorio,Laboratorio FI,Genética Embrionaria,PGT-A por embrion,178060.34,0.0
MTP,Procedimientos / Quirúrgicos,,,Biopsia testicular,28000.0,0.0
MTP,Tratamientos de Fertilidad (FIV/ICSI),Coito Programado,,3 Coitos Programados - MET,8620.69,0.0
MTP,Tratamientos de Fertilidad (FIV/ICSI),FIV / ICSI,,FIV con 3 Transferencias / IVF with 3 Transfers- MET,230387.94,139224.14
total,Congelación y Almacenamiento de Gametos,Almacenamiento,,(Ex) Mensualidad criopreservación óvulos y/o embriones,4862.070000000001,1758.62
total,Congelación y Almacenamiento de Gametos,Almacenamiento,,Almacenamiento de gametos 1 año,589008.2699999998,461206.73999999993
total,Congelación y Almacenamiento de Gametos,Almacenamiento,,Almacenamiento de gametos 5 años,457327.5000000001,332327.53
total,Congelación y Almacenamiento de Gametos,Almacenamiento,,[EX] Anualidad Criopreservación de  Embriones,0.0,4310.34
total,Congelación y Almacenamiento de Gametos,Congelación,,(EX) EmbryoScope Kit,6896.55,6896.56
total,Congelación y Almacenamiento de Gametos,Congelación,,Congelamiento de embriones CDMX,165517.24,0.0
total,Congelación y Almacenamiento de Gametos,Congelación,,Congelamiento de embriones MET,54956.9,0.0
total,Congelación y Almacenamiento de Gametos,Congelación,,Congelamiento de semen (por depósito) CDMX,4525.86,4310.34
total,Congelación y Almacenamiento de Gametos,Congelación,,Congelamiento de semen (por depósito) CDMX - GDL - MET,47844.82000000001,31896.760000000002
total,Congelación y Almacenamiento de Gametos,Congelación,,Congelamiento de óvulos CDMX,555818.97,765301.73
total,Congelación y Almacenamiento de Gametos,Congelación,,Congelamiento de óvulos GDL - MET,256034.49,0.0
total,Congelación y Almacenamiento de Gametos,Congelación,,Desvitrificación,0.0,8620.69
total,Congelación y Almacenamiento de Gametos,Congelación,,Desvitrificación (4 cryotops),40474.14,0.0
total,Congelación y Almacenamiento de Gametos,Congelación,,EmbryoScope Kit Interno,17241.38,36637.93000000001
total,Congelación y Almacenamiento de Gametos,Congelación,,Vitrificación de óvulos/embriones - CDMX,16982.76,0.0
total,Congelación y Almacenamiento de Gametos,Congelación,,[EX] Captura + Fertilización + VItrificación (Embryo Freezing) GDL,60344.82000000001,30172.41
total,Congelación y Almacenamiento de Gametos,Congelación,,[EX] Captura+ Vitrificacion de ovocitos CDMX,160258.95,162963.88
total,Congelación y Almacenamiento de Gametos,Congelación,,[EX] Captura+ Vitrificacion de ovocitos GDL,42241.380000000005,72413.79000000001
total,Congelación y Almacenamiento de Gametos,Congelación,,[EX] Desvitrificación CDMX,21340.989999999998,7931.03
total,Congelación y Almacenamiento de Gametos,Congelación,,[EX] Desvitrificación GDL,59666.34999999999,18103.44
total,Congelación y Almacenamiento de Gametos,Congelación,,"[EX] Desvitrificación de óvulos congelados, Fertilización + Transferencia en fresco CDMX",21120.69,0.0
total,Congelación y Almacenamiento de Gametos,Congelación,,"[EX] Desvitrificación de óvulos congelados, Fertilización + Transferencia en fresco GDL",18103.45,0.0
total,Congelación y Almacenamiento de Gametos,Congelación,,[EX] Vitrificación,173729.74999999994,104784.47
total,Consultas,Check up Ginecologico,,Check up ginecologico,54142.2,47844.76
total,Consultas,Check up Integral,,Check up Integral,9051.72,0.0
total,Consultas,Check up Integral,,check up integral,6034.48,0.0
total,Consultas,Check-up SOP,,Consulta primera vez SOP,42413.67999999999,14482.720000000001
total,Consultas,Colocación DIU,,Colocacion DIU Mirena [Consultorio],12284.490000000002,6465.52
total,Consultas,Colocación DIU,,Colocacion DIU PLATA,0.0,3017.24
total,Consultas,Consulta Obstetricia,,Consulta obstetricia,7758.6,0.0
total,Consultas,Consulta de Primera Vez IP's,,Cita primera vez IPS,8620.699999999999,2586.21
total,Consultas,Consulta primera vez,,Consulta de primera vez,108706.76,67888.23000000001
total,Consultas,Fertility Check up Hombres,,Check up Fertilidad Hombres,2155.17,1616.38
total,Consultas,Fertility Check up Hombres,,Check up Fertilidad Hombres GDL,8362.060000000001,10775.85
total,Consultas,Fertility Check up Mujeres,,Check up Fertilidad Mujeres,98180.95,96660.26999999999
total,Consultas,Fertility Check up Parejas,,Check up Fertilidad Parejas,89396.51,62241.349999999984
total,Consultas,Platica de resultado,,Consulta subsecuente,0.0,2844.8199999999997
total,Consultas,Platica de resultado,,Plática de resultados,0.0,2068.96
total,Consultas,Uso de Consultorio,,Uso de consultorio1hr con US,1681.02,2069.34
total,Farmacia,,,ASPIRINA PROTEC 100MG 28 TAB,11731.2,15571.2
total,Farmacia,,,CUERPO AMARILLO FTE 6X2 50ML/2MG AMP (PROGESTERONA),56952.0,64071.0
total,Farmacia,,,Ceftriaxona,300.0,0.0
total,Farmacia,,,Cetrotide 0.25mg,300038.88,287052.96
total,Farmacia,,,DUPHASTON 10 MG 20 TAB,2250.0,2250.0
total,Farmacia,,,GONAL-F PEN2.0 - 300IU,121000.0,125510.0
total,Farmacia,,,GONAL-F PEN2.0 - 900IU,748293.0,637455.0
total,Farmacia,,,Gonapeptyl Daily 0.1 (por ampolla),44390.4,43987.200000000004
total,Farmacia,,,LAB - RI WITNESS RFDI PATIENT ID CARDS 6-70-100/50 (PAQUETE 50 PZAS),431.03,0.0
total,Farmacia,,,LEVONORGESTREL/ ETINILESTRADIOL 0.15/0.03MG 21 TAB (MICROGYNON),2484.0,828.0
total,Farmacia,,,Letz 2.5mg,16544.0,4000.0
total,Farmacia,,,MOMENTS 50 MG 30 TABc,1900.0,950.0
total,Farmacia,,,MYO D-CHIRO 40:1 (HOLIHERB),0.0,1970.0
total,Farmacia,,,Merapur 75 UI (por ampolla),501799.8,446851.2
total,Farmacia,,,NOCELE 30 CAPSULAS,1500.0,0.0
total,Farmacia,,,OESTROGEL .0.06 / 100 G (ESTRADIOL EN GEL),4500.0,13500.0
total,Farmacia,,,OGESTAN ANDRACTIV 30 CAPSULAS,500.0,0.0
total,Farmacia,,,OMEGA 3 DE 90 CÁPS (MATTER),0.0,1120.69
total,Farmacia,,,OVIDREL F-PEN 250MCG - PLUMAS,122764.0,88305.95
total,Farmacia,,,PERGOVERIS PEN 300/150IU,0.0,17550.0
total,Farmacia,,,PERGOVERIS PEN 450/225IU,57104.0,24900.0
total,Farmacia,,,PERGOVERIS PEN 900/450IU,611031.01,650541.0
total,Farmacia,,,PREDNISONA 20 MG C/30 TAB (METICORTEN) ASPEN,750.0,3000.0
total,Farmacia,,,PRIMOGYN 2 MG C/28 GRAG,261700.0,262000.0
total,Farmacia,,,PROVERA 5 MG 24 TAB,450.0,0.0
total,Farmacia,,,REGENESIX MAX CAPSULAS,3200.0,0.0
total,Farmacia,,,REKOVELLE SOL FOR INJ 36MCG/1.08ML CON 6 AGUJA,19696.0,29544.0
total,Farmacia,,,REKOVELLE SOL FOR INJ 72MCG/2.16ML CON 9 AGUJA,18300.0,73200.0
total,Farmacia,,,SUPLEMENTO - FORCELL DUO,7849.14,3393.0
total,Farmacia,,,SUPLEMENTO - FORCELL FEM,4475.0,4475.0
total,Farmacia,,,SUPLEMENTO - FORCELL MEN,16534.0,9448.0
total,Farmacia,,,SUPLEMENTO ONE,1034.48,1034.48
total,Farmacia,,,UTROGESTAN 100MG CAP CAJ C/30,8450.0,13000.0
total,Farmacia,,,UTROGESTAN 200 MG 14 CÁPSULAS,177016.0,175700.0
total,Imágenes,,,Histerosonografía,6034.48,6034.48
total,Imágenes,,,Ultrasonido,43232.63999999999,79569.64000000004
total,Laboratorio,Laboratorio Clínico,Criopreservación y Andrología,Espermocultivo,3275.88,4094.8500000000004
total,Laboratorio,Laboratorio Clínico,Cultivos y Orina,Cultivo de Exudado Vaginal,3922.3800000000006,7284.420000000001
total,Laboratorio,Laboratorio Clínico,Cultivos y Orina,Cultivo de orina,474.14,0.0
total,Laboratorio,Laboratorio Clínico,Cultivos y Orina,Panel de drogas en orina (III),1594.83,1594.83
total,Laboratorio,Laboratorio Clínico,Cultivos y Orina,Urocultivo,3275.88,1637.94
total,Laboratorio,Laboratorio Clínico,Genética y Cariotipos,Cariotipo en sangre periférica,7887.93,0.0
total,Laboratorio,Laboratorio Clínico,Ginecología y ETS,Papanicolaou,16508.63,16800.11
total,Laboratorio,Laboratorio Clínico,Ginecología y ETS,Perfil ETS,192827.62000000005,172819.03000000003
total,Laboratorio,Laboratorio Clínico,"Hormonas, Sangre y Perfiles",Acido úrico,0.0,118.1
total,Laboratorio,Laboratorio Clínico,"Hormonas, Sangre y Perfiles",Androstenediona,0.0,387.93
total,Laboratorio,Laboratorio Clínico,"Hormonas, Sangre y Perfiles",Antimulleriana AMH (Nanogramos),37931.08,17137.95
total,Laboratorio,Laboratorio Clínico,"Hormonas, Sangre y Perfiles",BUN,0.0,86.21
total,Laboratorio,Laboratorio Clínico,"Hormonas, Sangre y Perfiles",Biometria Hemática Pack,775.86,1140.5900000000001
total,Laboratorio,Laboratorio Clínico,"Hormonas, Sangre y Perfiles",CA 125,560.34,0.0
total,Laboratorio,Laboratorio Clínico,"Hormonas, Sangre y Perfiles",Citomegalovirus IgG,536.21,0.0
total,Laboratorio,Laboratorio Clínico,"Hormonas, Sangre y Perfiles",Citomegalovirus IgM,536.21,0.0
total,Laboratorio,Laboratorio Clínico,"Hormonas, Sangre y Perfiles",Creatinina,90.0,180.0
total,Laboratorio,Laboratorio Clínico,"Hormonas, Sangre y Perfiles",Cultivo de anaerobios,560.34,0.0
total,Laboratorio,Laboratorio Clínico,"Hormonas, Sangre y Perfiles",Cultivo de secreción,560.34,0.0
total,Laboratorio,Laboratorio Clínico,"Hormonas, Sangre y Perfiles",Cultivos infecciosos masculinos,4310.34,0.0
total,Laboratorio,Laboratorio Clínico,"Hormonas, Sangre y Perfiles",Estradiol,3129.3,5737.05
total,Laboratorio,Laboratorio Clínico,"Hormonas, Sangre y Perfiles",Estudio Homosisteina,0.0,2000.0
total,Laboratorio,Laboratorio Clínico,"Hormonas, Sangre y Perfiles",Examen general de orina,698.28,1629.32
total,Laboratorio,Laboratorio Clínico,"Hormonas, Sangre y Perfiles",FSH,1163.79,3051.7200000000003
total,Laboratorio,Laboratorio Clínico,"Hormonas, Sangre y Perfiles","FSH, LH, Estradiol",0.0,1379.31
total,Laboratorio,Laboratorio Clínico,"Hormonas, Sangre y Perfiles",Ferritina,0.0,722.42
total,Laboratorio,Laboratorio Clínico,"Hormonas, Sangre y Perfiles",Folatos,0.0,438.79
total,Laboratorio,Laboratorio Clínico,"Hormonas, Sangre y Perfiles",Globulina Transportadora de Hormonas sexuales ( SHBG),586.2,586.2
total,Laboratorio,Laboratorio Clínico,"Hormonas, Sangre y Perfiles",Glucosa,1991.43,3413.8799999999997
total,Laboratorio,Laboratorio Clínico,"Hormonas, Sangre y Perfiles",Grupo Sanguíneo RH,637.94,637.94
total,Laboratorio,Laboratorio Clínico,"Hormonas, Sangre y Perfiles",Hemoglobina glicosilada,2370.7,8246.59
total,Laboratorio,Laboratorio Clínico,"Hormonas, Sangre y Perfiles",Hepatitis B HBeAg,646.55,0.0
total,Laboratorio,Laboratorio Clínico,"Hormonas, Sangre y Perfiles",Hepatitis B superficie HBsAg,862.07,862.07
total,Laboratorio,Laboratorio Clínico,"Hormonas, Sangre y Perfiles",Hepatitis C,1637.94,0.0
total,Laboratorio,Laboratorio Clínico,"Hormonas, Sangre y Perfiles",Hormona Luteinizante (LH),5215.5,6780.15
total,Laboratorio,Laboratorio Clínico,"Hormonas, Sangre y Perfiles",Idice HOMA,0.0,303.28
total,Laboratorio,Laboratorio Clínico,"Hormonas, Sangre y Perfiles",Insulina basal,8928.48,15405.239999999998
total,Laboratorio,Laboratorio Clínico,"Hormonas, Sangre y Perfiles",Marcadores tumorales ovario,4137.93,0.0
total,Laboratorio,Laboratorio Clínico,"Hormonas, Sangre y Perfiles",Panel de detección de 10 ETS,4741.38,0.0
total,Laboratorio,Laboratorio Clínico,"Hormonas, Sangre y Perfiles",Paquete Análisis Serología,123383.49,112736.95000000001
total,Laboratorio,Laboratorio Clínico,"Hormonas, Sangre y Perfiles",Paquete Hormonas Basales,7758.63,31034.52
total,Laboratorio,Laboratorio Clínico,"Hormonas, Sangre y Perfiles",Perfil Hepatico,566.38,629.31
total,Laboratorio,Laboratorio Clínico,"Hormonas, Sangre y Perfiles",Perfil TORCH IgG e IgM,6034.48,6034.48
total,Laboratorio,Laboratorio Clínico,"Hormonas, Sangre y Perfiles",Perfil Tiroideo con Ac. Antitiroideos,11120.7,9156.04
total,Laboratorio,Laboratorio Clínico,"Hormonas, Sangre y Perfiles",Perfil androgenico femenino,2155.17,4310.34
total,Laboratorio,Laboratorio Clínico,"Hormonas, Sangre y Perfiles",Perfil bioquímico de 24 elementos,1185.34,1185.34
total,Laboratorio,Laboratorio Clínico,"Hormonas, Sangre y Perfiles",Perfil bioquímico de 35 elementos,0.0,2228.45
total,Laboratorio,Laboratorio Clínico,"Hormonas, Sangre y Perfiles",Perfil de lípidos,5035.349999999999,5174.150000000001
total,Laboratorio,Laboratorio Clínico,"Hormonas, Sangre y Perfiles",Perfil disparo captura,1434.0,2585.98
total,Laboratorio,Laboratorio Clínico,"Hormonas, Sangre y Perfiles",Perfil inicio,1985.18,0.0
total,Laboratorio,Laboratorio Clínico,"Hormonas, Sangre y Perfiles",Perfil pre captura,0.0,412.07
total,Laboratorio,Laboratorio Clínico,"Hormonas, Sangre y Perfiles",Perfil pre operatorio CDMX,3448.24,3017.209999999999
total,Laboratorio,Laboratorio Clínico,"Hormonas, Sangre y Perfiles",Perfil pre operatorios,862.06,646.55
total,Laboratorio,Laboratorio Clínico,"Hormonas, Sangre y Perfiles",Perfil pre transferencia,478.0,478.0
total,Laboratorio,Laboratorio Clínico,"Hormonas, Sangre y Perfiles",Perfil prenatal,70172.52,41465.58
total,Laboratorio,Laboratorio Clínico,"Hormonas, Sangre y Perfiles",Perfil preoperatorio básico,1120.69,0.0
total,Laboratorio,Laboratorio Clínico,"Hormonas, Sangre y Perfiles",Perfil preparación endometrial,3824.0,478.0
total,Laboratorio,Laboratorio Clínico,"Hormonas, Sangre y Perfiles",Perfil seguimiento folicular,956.0,3345.18
total,Laboratorio,Laboratorio Clínico,"Hormonas, Sangre y Perfiles",Perfil tiroideo sin anticuerpos,3586.2,1793.1
total,Laboratorio,Laboratorio Clínico,"Hormonas, Sangre y Perfiles",Progesterona,4655.16,4267.23
total,Laboratorio,Laboratorio Clínico,"Hormonas, Sangre y Perfiles",Prolactina,8534.460000000001,9310.32
total,Laboratorio,Laboratorio Clínico,"Hormonas, Sangre y Perfiles",Química Sanguínea 28 elementos,7239.67,12368.99
total,Laboratorio,Laboratorio Clínico,"Hormonas, Sangre y Perfiles",Química Sanguínea 29 elementos,0.0,2931.04
total,Laboratorio,Laboratorio Clínico,"Hormonas, Sangre y Perfiles",Química Sanguínea 6 elementos,504.31,653.44
total,Laboratorio,Laboratorio Clínico,"Hormonas, Sangre y Perfiles",Subunidad beta cuantitativa,2370.7,3318.98
total,Laboratorio,Laboratorio Clínico,"Hormonas, Sangre y Perfiles",T3 - Total,0.0,87.14
total,Laboratorio,Laboratorio Clínico,"Hormonas, Sangre y Perfiles",T4 - Libre,827.58,1774.1300000000003
total,Laboratorio,Laboratorio Clínico,"Hormonas, Sangre y Perfiles",T4 - Total,0.0,87.12
total,Laboratorio,Laboratorio Clínico,"Hormonas, Sangre y Perfiles",TSH,4616.37,6594.81
total,Laboratorio,Laboratorio Clínico,"Hormonas, Sangre y Perfiles",Testosterona Libre,1077.59,0.0
total,Laboratorio,Laboratorio Clínico,"Hormonas, Sangre y Perfiles",Testosterona Total,1353.4499999999998,0.0
total,Laboratorio,Laboratorio Clínico,"Hormonas, Sangre y Perfiles",Testosterona Total y Testosterona Libre,818.97,2456.91
total,Laboratorio,Laboratorio Clínico,"Hormonas, Sangre y Perfiles",Testosterona biodisponible,1379.31,0.0
total,Laboratorio,Laboratorio Clínico,"Hormonas, Sangre y Perfiles",Tiempos de Coagulación,1357.76,1810.34
total,Laboratorio,Laboratorio Clínico,"Hormonas, Sangre y Perfiles",VDRL,775.86,0.0
total,Laboratorio,Laboratorio Clínico,"Hormonas, Sangre y Perfiles",Vitamina B-12,810.34,1003.45
total,Laboratorio,Laboratorio Clínico,"Hormonas, Sangre y Perfiles",Vitamina D,0.0,1296.55
total,Laboratorio,Laboratorio Clínico,"Hormonas, Sangre y Perfiles","Vitamina D 1,25-di-hidroxi colecalciferol (Con D3)",11163.789999999999,18383.62
total,Laboratorio,Laboratorio Externo,Biopsia,Biopsia de endometrio,6206.88,1551.72
total,Laboratorio,Laboratorio Externo,Biopsia,Patología Biopsia de endometrio,0.0,6249.99
total,Laboratorio,Laboratorio Externo,"Hormonas, Sangre y Perfiles","Ac. Anti TPO (Tiroperoxidasa, Microsomales)",1060.19,0.0
total,Laboratorio,Laboratorio Externo,"Hormonas, Sangre y Perfiles",DHA-S (DHEA-SO4),0.0,474.14
total,Laboratorio,Laboratorio Externo,"Hormonas, Sangre y Perfiles",Paquete estudios diagnóstico - MET,18750.0,33750.0
total,Laboratorio,Laboratorio Externo,Patología,patología,3103.44,0.0
total,Laboratorio,Laboratorio FI,Andrología,Espermatobioscopía (ED),30749.929999999997,37499.899999999994
total,Laboratorio,Laboratorio FI,Andrología,Fragmentación del ADN espermático,101810.45999999999,92638.04
total,Laboratorio,Laboratorio FI,Andrología,[EX] Espermatobioscopía,2586.2,1293.1
total,Laboratorio,Laboratorio FI,Genética Embrionaria,PGT-A por embrion,1590043.15,1188094.96
total,Otros,,,Devolución,0.0,-10150.0
total,Otros,,,Servicios Administrativos,2586.21,39884.45999999999
total,Otros,,,Traslado de gametos locales,2586.21,7758.63
total,Otros,,,Traslado de gametos nacional,25862.06,0.0
total,Procedimientos / Quirúrgicos,,,Aspiración de quiste - CDMX,0.0,60517.229999999996
total,Procedimientos / Quirúrgicos,,,Biopsia testicular,56000.17,0.0
total,Procedimientos / Quirúrgicos,,,Histeroscopia con energia,0.0,6724.14
total,Procedimientos / Quirúrgicos,,,Histeroscopia diagnostica,258620.66000000003,219827.57000000004
total,Procedimientos / Quirúrgicos,,,Sedación (Anestesia),5172.41,10000.0
total,Procedimientos / Quirúrgicos,,,Uso de Quirófano,0.0,8620.69
total,Procedimientos / Quirúrgicos,,,[EX] Histeroscopia diagnostica,75431.04999999999,54655.2
total,Procedimientos / Quirúrgicos,,,[EX] Punción de quiste GDL,0.0,11379.31
total,Subrogación,,,All Inclusive Surrogacy Package CDMX,819396.91,543103.4400000001
total,Subrogación,,,Essentials Surrogacy Package CDMX,94655.17,0.0
total,Subrogación,,,Integrated Frozen Donor Surrogacy Package CDMX,546206.9,0.0
total,Subrogación,,,Valoración subrogada,2844.82,4267.2300000000005
total,Tratamientos de Fertilidad (FIV/ICSI),Coito Programado,,3 Coitos Programados - MET,8620.69,0.0
total,Tratamientos de Fertilidad (FIV/ICSI),Coito Programado,,Coito programado - CDMX,8620.68,4310.34
total,Tratamientos de Fertilidad (FIV/ICSI),Donación,,Donación esperma - LAFER - Europeo,43103.44,43103.44
total,Tratamientos de Fertilidad (FIV/ICSI),Donación,,Donación esperma - LAFER - Extranjero,0.0,34482.76
total,Tratamientos de Fertilidad (FIV/ICSI),Donación,,Donación esperma - LAFER - Nacional,0.0,38793.1
total,Tratamientos de Fertilidad (FIV/ICSI),Donación,,Donadora de ovulos categoria 3,146551.72,0.0
total,Tratamientos de Fertilidad (FIV/ICSI),Donación,,Donante Europeo E,47413.79,0.0
total,Tratamientos de Fertilidad (FIV/ICSI),Donación,,Donante Europeo M,24137.93,0.0
total,Tratamientos de Fertilidad (FIV/ICSI),Donación,,Óvulos FI,250000.0,0.0
total,Tratamientos de Fertilidad (FIV/ICSI),FIV / ICSI,,20 Óvulos Garantizados / 20 Eggs Guaranteed CDMX,232758.62,116379.31
total,Tratamientos de Fertilidad (FIV/ICSI),FIV / ICSI,,FIV con 3 Transferencias / IVF with 3 Transfers - CDMX,1496551.7599999998,1599137.9699999997
total,Tratamientos de Fertilidad (FIV/ICSI),FIV / ICSI,,FIV con 3 Transferencias / IVF with 3 Transfers- GDL,151724.14,80603.45
total,Tratamientos de Fertilidad (FIV/ICSI),FIV / ICSI,,FIV con 3 Transferencias / IVF with 3 Transfers- MET,230387.94,139224.14
total,Tratamientos de Fertilidad (FIV/ICSI),FIV / ICSI,,"Fertilización, crecimiento y desarrollo embrionario a día 5",33965.52,0.0
total,Tratamientos de Fertilidad (FIV/ICSI),FIV / ICSI,,[EX] Biopsia testicular para FIV/ ICSI,13793.1,13793.1
total,Tratamientos de Fertilidad (FIV/ICSI),FIV / ICSI,,[EX] Captura + Fertilización GDL,0.0,23275.86
total,Tratamientos de Fertilidad (FIV/ICSI),FIV / ICSI,,[EX] Captura + fertilización CDMX,287500.0,329770.5
total,Tratamientos de Fertilidad (FIV/ICSI),FIV / ICSI,,[EX] Captura CDMX,43620.69,0.0
total,Tratamientos de Fertilidad (FIV/ICSI),FIV / ICSI,,[EX] Captura GDL,204958.08999999997,8620.69
total,Tratamientos de Fertilidad (FIV/ICSI),FIV / ICSI,,[EX] Captura sin recuperación CDMX,16810.34,0.0
total,Tratamientos de Fertilidad (FIV/ICSI),FIV / ICSI,,[EX] Captura sin recuperación GDL,12931.04,0.0
total,Tratamientos de Fertilidad (FIV/ICSI),FIV / ICSI,,[EX] Fertilización,83200.81999999999,6034.48
total,Tratamientos de Fertilidad (FIV/ICSI),Inseminación Intrauterina (IIU),,Inseminacion CDMX,30603.449999999997,57931.04000000001
total,Tratamientos de Fertilidad (FIV/ICSI),Inseminación Intrauterina (IIU),,Inseminacion GDL,62198.29,15948.28
total,Tratamientos de Fertilidad (FIV/ICSI),Inseminación Intrauterina (IIU),,"[EX] Inseminación Intrauterina (Incluye: Uso de consultorio, enfermera, capacitación y consumibles)",38793.12,19396.56
total,Tratamientos de Fertilidad (FIV/ICSI),Transferencia Embrionaria,,Preparación endometrial,0.0,34482.76
total,Tratamientos de Fertilidad (FIV/ICSI),Transferencia Embrionaria,,Transferencia embrionaria - CDMX,0.0,11206.9
total,Tratamientos de Fertilidad (FIV/ICSI),Transferencia Embrionaria,,[EX] Transferencia GDL,36206.88,12068.96
total,Tratamientos de Fertilidad (FIV/ICSI),Transferencia Embrionaria,,[EX] Transferencia de congelados CDMX,195754.12999999998,230431.01999999996
total,Tratamientos de Fertilidad (FIV/ICSI),Transferencia Embrionaria,,[EX] Transferencia de congelados GDL,75000.0,12500.0
total,Tratamientos de Fertilidad (FIV/ICSI),Transferencia Embrionaria,,[FET] Transferencia de Embrión Congelado CDMX,896961.12,746465.4699999999
total,Tratamientos de Fertilidad (FIV/ICSI),Transferencia Embrionaria,,[FET] Transferencia de Embrión Congelado GDL - MET,0.0,58232.76
total,Wellness,Acupuntura,,Sesión de Acupuntura - CDMX,8312.05,3010.34
total,Wellness,Masajes,,Sesión de Masaje - CDMX,1551.72,0.0
total,Wellness,Nutrición,,Consulta de nutrición CDMX,0.0,7665.5
total,Wellness,Nutrición,,Consulta de nutrición GDL,2413.79,1379.31
total,Wellness,Psicología,,Terapia individual - GDL,1034.48,1034.48
