Sede,Servicio,Concepto,Valor,VsLM
CDMX,Congelación y Almacenamiento de Gametos,Congelamiento de óvulos CDMX,555818.97,-27.0
CDMX,Congelación y Almacenamiento de Gametos,Almacenamiento de gametos 1 año,472629.02,14.0
CDMX,Congelación y Almacenamiento de Gametos,Almacenamiento de gametos 5 años,392672.33,27.0
CDMX,Congelación y Almacenamiento de Gametos,Congelamiento de embriones CDMX,165517.24,
CDMX,Congelación y Almacenamiento de Gametos,[EX] Captura+ Vitrificacion de ovocitos CDMX,160258.95,-2.0
CDMX,Congelación y Almacenamiento de Gametos,[EX] Vitrificación,84074.6,9.0
CDMX,Congelación y Almacenamiento de Gametos,Desvitrificación (4 cryotops),40474.14,
CDMX,Congelación y Almacenamiento de Gametos,Congelamiento de semen (por depósito) CDMX - GDL - MET,25862.07,20.0
CDMX,Congelación y Almacenamiento de Gametos,[EX] Desvitrificación CDMX,21340.99,169.0
CDMX,Congelación y Almacenamiento de Gametos,"[EX] Desvitrificación de óvulos congelados, Fertilización + Transferencia en fresco CDMX",21120.69,
CDMX,Congelación y Almacenamiento de Gametos,EmbryoScope Kit Interno,17241.38,-53.0
CDMX,Congelación y Almacenamiento de Gametos,Vitrificación de óvulos/embriones - CDMX,16982.76,
CDMX,Congelación y Almacenamiento de Gametos,(EX) EmbryoScope Kit,6896.55,0.0
CDMX,Congelación y Almacenamiento de Gametos,(Ex) Mensualidad criopreservación óvulos y/o embriones,4862.07,176.0
CDMX,Congelación y Almacenamiento de Gametos,Congelamiento de semen (por depósito) CDMX,4525.86,5.0
CDMX,Congelación y Almacenamiento de Gametos,Desvitrificación,0.0,-100.0
CDMX,Congelación y Almacenamiento de Gametos,[EX] Anualidad Criopreservación de  Embriones,0.0,-100.0
CDMX,Consultas,Consulta de primera vez,76896.46,78.0
CDMX,Consultas,Check up Fertilidad Mujeres,60575.81,-11.0
CDMX,Consultas,Check up Fertilidad Parejas,45258.6,-10.0
CDMX,Consultas,Check up ginecologico,16211.2,-16.0
CDMX,Consultas,Cita primera vez IPS,8620.7,233.0
CDMX,Consultas,Check up Fertilidad Hombres GDL,8362.06,288.0
CDMX,Consultas,check up integral,6034.48,
CDMX,Consultas,Check up Fertilidad Hombres,2155.17,33.0
CDMX,Consultas,Consulta primera vez SOP,1551.72,-50.0
CDMX,Consultas,Uso de consultorio1hr con US,560.34,-50.0
CDMX,Consultas,Colocacion DIU Mirena [Consultorio],0.0,-100.0
CDMX,Consultas,Colocacion DIU PLATA,0.0,-100.0
CDMX,Consultas,Consulta subsecuente,0.0,-100.0
CDMX,Farmacia,GONAL-F PEN2.0 - 900IU,516243.0,19.0
CDMX,Farmacia,PERGOVERIS PEN 900/450IU,480861.0,-21.0
CDMX,Farmacia,Merapur 75 UI (por ampolla),378089.8,21.0
CDMX,Farmacia,PRIMOGYN 2 MG C/28 GRAG,240700.0,-5.0
CDMX,Farmacia,Cetrotide 0.25mg,231368.48,-5.0
CDMX,Farmacia,UTROGESTAN 200 MG 14 CÁPSULAS,167216.0,-3.0
CDMX,Farmacia,OVIDREL F-PEN 250MCG - PLUMAS,85634.0,22.0
CDMX,Farmacia,GONAL-F PEN2.0 - 300IU,82500.0,-11.0
CDMX,Farmacia,PERGOVERIS PEN 450/225IU,57104.0,129.0
CDMX,Farmacia,CUERPO AMARILLO FTE 6X2 50ML/2MG AMP (PROGESTERONA),56952.0,-11.0
CDMX,Farmacia,Gonapeptyl Daily 0.1 (por ampolla),33062.4,-18.0
CDMX,Farmacia,REKOVELLE SOL FOR INJ 36MCG/1.08ML CON 6 AGUJA,19696.0,-33.0
CDMX,Farmacia,REKOVELLE SOL FOR INJ 72MCG/2.16ML CON 9 AGUJA,18300.0,-75.0
CDMX,Farmacia,SUPLEMENTO - FORCELL MEN,14172.0,500.0
CDMX,Farmacia,Letz 2.5mg,12704.0,429.0
CDMX,Farmacia,ASPIRINA PROTEC 100MG 28 TAB,10771.2,-29.0
CDMX,Farmacia,SUPLEMENTO - FORCELL DUO,7849.14,131.0
CDMX,Farmacia,OESTROGEL .0.06 / 100 G (ESTRADIOL EN GEL),4500.0,-67.0
CDMX,Farmacia,SUPLEMENTO - FORCELL FEM,4475.0,25.0
CDMX,Farmacia,DUPHASTON 10 MG 20 TAB,2250.0,0.0
CDMX,Farmacia,MOMENTS 50 MG 30 TABc,1900.0,100.0
CDMX,Farmacia,LEVONORGESTREL/ ETINILESTRADIOL 0.15/0.03MG 21 TAB (MICROGYNON),828.0,0.0
CDMX,Farmacia,REGENESIX MAX CAPSULAS,800.0,
CDMX,Farmacia,LAB - RI WITNESS RFDI PATIENT ID CARDS 6-70-100/50 (PAQUETE 50 PZAS),431.03,
CDMX,Farmacia,Ceftriaxona,300.0,
CDMX,Farmacia,PERGOVERIS PEN 300/150IU,0.0,-100.0
CDMX,Farmacia,PREDNISONA 20 MG C/30 TAB (METICORTEN) ASPEN,0.0,-100.0
CDMX,Imágenes,Ultrasonido,32887.84,-41.0
CDMX,Imágenes,Histerosonografía,3017.24,-50.0
CDMX,Laboratorio,PGT-A por embrion,1049913.74,27.0
CDMX,Laboratorio,Perfil ETS,164379.34,9.0
CDMX,Laboratorio,Paquete Análisis Serología,110452.47,18.0
CDMX,Laboratorio,Perfil prenatal,70172.52,69.0
CDMX,Laboratorio,Fragmentación del ADN espermático,54224.2,-31.0
CDMX,Laboratorio,Antimulleriana AMH (Nanogramos),29310.38,145.0
CDMX,Laboratorio,Espermatobioscopía (ED),15362.04,-1.0
CDMX,Laboratorio,Perfil Tiroideo con Ac. Antitiroideos,11120.7,21.0
CDMX,Laboratorio,Papanicolaou,10086.21,-18.0
CDMX,Laboratorio,Cariotipo en sangre periférica,7887.93,
CDMX,Laboratorio,Paquete Hormonas Basales,7758.63,-73.0
CDMX,Laboratorio,Prolactina,6982.74,-14.0
CDMX,Laboratorio,Insulina basal,6135.37,-43.0
CDMX,Laboratorio,Perfil TORCH IgG e IgM,6034.48,0.0
CDMX,Laboratorio,"Vitamina D 1,25-di-hidroxi colecalciferol (Con D3)",5517.24,0.0
CDMX,Laboratorio,Biopsia de endometrio,4655.16,
CDMX,Laboratorio,Cultivos infecciosos masculinos,4310.34,
CDMX,Laboratorio,Química Sanguínea 28 elementos,4308.63,-46.0
CDMX,Laboratorio,Progesterona,4267.23,0.0
CDMX,Laboratorio,Marcadores tumorales ovario,4137.93,
CDMX,Laboratorio,Hormona Luteinizante (LH),3650.85,-36.0
CDMX,Laboratorio,Perfil pre operatorio CDMX,3448.24,14.0
CDMX,Laboratorio,Urocultivo,3275.88,100.0
CDMX,Laboratorio,patología,3103.44,
CDMX,Laboratorio,Perfil preparación endometrial,2868.0,500.0
CDMX,Laboratorio,Cultivo de Exudado Vaginal,2801.7,-50.0
CDMX,Laboratorio,[EX] Espermatobioscopía,2586.2,100.0
CDMX,Laboratorio,Perfil de lípidos,2560.35,200.0
CDMX,Laboratorio,Espermocultivo,2456.91,-25.0
CDMX,Laboratorio,Hemoglobina glicosilada,2370.7,-69.0
CDMX,Laboratorio,Subunidad beta cuantitativa,2370.7,25.0
CDMX,Laboratorio,Perfil inicio,1985.18,
CDMX,Laboratorio,TSH,1939.65,-64.0
CDMX,Laboratorio,Perfil tiroideo sin anticuerpos,1793.1,
CDMX,Laboratorio,Hepatitis C,1637.94,
CDMX,Laboratorio,Panel de drogas en orina (III),1594.83,0.0
CDMX,Laboratorio,Estradiol,1564.65,-67.0
CDMX,Laboratorio,Perfil disparo captura,1434.0,-45.0
CDMX,Laboratorio,Glucosa,1422.45,-46.0
CDMX,Laboratorio,Perfil preoperatorio básico,1120.69,
CDMX,Laboratorio,Testosterona Total,1077.59,
CDMX,Laboratorio,Perfil seguimiento folicular,956.0,-71.0
CDMX,Laboratorio,Hepatitis B superficie HBsAg,862.07,
CDMX,Laboratorio,Hepatitis B HBeAg,646.55,
CDMX,Laboratorio,Citomegalovirus IgG,536.21,
CDMX,Laboratorio,Citomegalovirus IgM,536.21,
CDMX,Laboratorio,Perfil pre transferencia,478.0,0.0
CDMX,Laboratorio,Cultivo de orina,474.14,
CDMX,Laboratorio,Examen general de orina,465.52,-60.0
CDMX,Laboratorio,Tiempos de Coagulación,452.59,-50.0
CDMX,Laboratorio,FSH,387.93,-83.0
CDMX,Laboratorio,VDRL,387.93,
CDMX,Laboratorio,Globulina Transportadora de Hormonas sexuales ( SHBG),293.1,0.0
CDMX,Laboratorio,Creatinina,90.0,
CDMX,Laboratorio,Androstenediona,0.0,-100.0
CDMX,Laboratorio,Biometria Hemática Pack,0.0,-100.0
CDMX,Laboratorio,DHA-S (DHEA-SO4),0.0,-100.0
CDMX,Laboratorio,Estudio Homosisteina,0.0,-100.0
CDMX,Laboratorio,"FSH, LH, Estradiol",0.0,-100.0
CDMX,Laboratorio,Ferritina,0.0,-100.0
CDMX,Laboratorio,Folatos,0.0,-100.0
CDMX,Laboratorio,Grupo Sanguíneo RH,0.0,-100.0
CDMX,Laboratorio,Idice HOMA,0.0,-100.0
CDMX,Laboratorio,Patología Biopsia de endometrio,0.0,-100.0
CDMX,Laboratorio,Perfil bioquímico de 35 elementos,0.0,-100.0
CDMX,Laboratorio,Perfil pre captura,0.0,-100.0
CDMX,Laboratorio,Perfil pre operatorios,0.0,-100.0
CDMX,Laboratorio,Química Sanguínea 29 elementos,0.0,-100.0
CDMX,Laboratorio,Química Sanguínea 6 elementos,0.0,-100.0
CDMX,Laboratorio,T4 - Libre,0.0,-100.0
CDMX,Laboratorio,Testosterona Total y Testosterona Libre,0.0,-100.0
CDMX,Laboratorio,Vitamina B-12,0.0,-100.0
CDMX,Laboratorio,Vitamina D,0.0,-100.0
CDMX,Otros,Traslado de gametos nacional,25862.06,
CDMX,Otros,Servicios Administrativos,2586.21,-86.0
CDMX,Otros,Traslado de gametos locales,2586.21,-50.0
CDMX,Otros,Devolución,0.0,-100.0
CDMX,Procedimientos / Quirúrgicos,Histeroscopia diagnostica,215517.22,16.0
CDMX,Procedimientos / Quirúrgicos,[EX] Histeroscopia diagnostica,75431.05,150.0
CDMX,Procedimientos / Quirúrgicos,Biopsia testicular,28000.17,
CDMX,Procedimientos / Quirúrgicos,Aspiración de quiste - CDMX,0.0,-100.0
CDMX,Procedimientos / Quirúrgicos,Histeroscopia con energia,0.0,-100.0
CDMX,Procedimientos / Quirúrgicos,Sedación (Anestesia),0.0,-100.0
CDMX,Procedimientos / Quirúrgicos,Uso de Quirófano,0.0,-100.0
CDMX,Procedimientos / Quirúrgicos,[EX] Punción de quiste GDL,0.0,-100.0
CDMX,Subrogación,All Inclusive Surrogacy Package CDMX,819396.91,51.0
CDMX,Subrogación,Integrated Frozen Donor Surrogacy Package CDMX,546206.9,
CDMX,Subrogación,Essentials Surrogacy Package CDMX,94655.17,
CDMX,Subrogación,Valoración subrogada,2844.82,-33.0
CDMX,Tratamientos de Fertilidad (FIV/ICSI),FIV con 3 Transferencias / IVF with 3 Transfers - CDMX,1496551.76,-6.0
CDMX,Tratamientos de Fertilidad (FIV/ICSI),[FET] Transferencia de Embrión Congelado CDMX,896961.12,20.0
CDMX,Tratamientos de Fertilidad (FIV/ICSI),[EX] Captura + fertilización CDMX,287500.0,-13.0
CDMX,Tratamientos de Fertilidad (FIV/ICSI),Óvulos FI,250000.0,
CDMX,Tratamientos de Fertilidad (FIV/ICSI),20 Óvulos Garantizados / 20 Eggs Guaranteed CDMX,232758.62,100.0
CDMX,Tratamientos de Fertilidad (FIV/ICSI),[EX] Transferencia de congelados CDMX,195754.13,-15.0
CDMX,Tratamientos de Fertilidad (FIV/ICSI),Donadora de ovulos categoria 3,146551.72,
CDMX,Tratamientos de Fertilidad (FIV/ICSI),Donante Europeo E,47413.79,
CDMX,Tratamientos de Fertilidad (FIV/ICSI),[EX] Captura CDMX,43620.69,
CDMX,Tratamientos de Fertilidad (FIV/ICSI),Donación esperma - LAFER - Europeo,43103.44,100.0
CDMX,Tratamientos de Fertilidad (FIV/ICSI),"Fertilización, crecimiento y desarrollo embrionario a día 5",33965.52,
CDMX,Tratamientos de Fertilidad (FIV/ICSI),Inseminacion CDMX,30603.45,-47.0
CDMX,Tratamientos de Fertilidad (FIV/ICSI),Donante Europeo M,24137.93,
CDMX,Tratamientos de Fertilidad (FIV/ICSI),[EX] Fertilización,17499.99,
CDMX,Tratamientos de Fertilidad (FIV/ICSI),[EX] Captura sin recuperación CDMX,16810.34,
CDMX,Tratamientos de Fertilidad (FIV/ICSI),Coito programado - CDMX,8620.68,100.0
CDMX,Tratamientos de Fertilidad (FIV/ICSI),"[EX] Inseminación Intrauterina (Incluye: Uso de consultorio, enfermera, capacitación y consumibles)",6465.52,0.0
CDMX,Tratamientos de Fertilidad (FIV/ICSI),Preparación endometrial,0.0,-100.0
CDMX,Tratamientos de Fertilidad (FIV/ICSI),Transferencia embrionaria - CDMX,0.0,-100.0
CDMX,Tratamientos de Fertilidad (FIV/ICSI),[EX] Biopsia testicular para FIV/ ICSI,0.0,-100.0
CDMX,Wellness,Sesión de Acupuntura - CDMX,8312.05,176.0
CDMX,Wellness,Sesión de Masaje - CDMX,1551.72,
CDMX,Wellness,Consulta de nutrición CDMX,0.0,-100.0
GDL,Congelación y Almacenamiento de Gametos,Congelamiento de óvulos GDL - MET,256034.49,
GDL,Congelación y Almacenamiento de Gametos,[EX] Vitrificación,89655.15,225.0
GDL,Congelación y Almacenamiento de Gametos,Almacenamiento de gametos 1 año,73275.83,70.0
GDL,Congelación y Almacenamiento de Gametos,[EX] Captura + Fertilización + VItrificación (Embryo Freezing) GDL,60344.82,100.0
GDL,Congelación y Almacenamiento de Gametos,[EX] Desvitrificación GDL,59666.35,230.0
GDL,Congelación y Almacenamiento de Gametos,Almacenamiento de gametos 5 años,47413.79,116.0
GDL,Congelación y Almacenamiento de Gametos,[EX] Captura+ Vitrificacion de ovocitos GDL,42241.38,-42.0
GDL,Congelación y Almacenamiento de Gametos,"[EX] Desvitrificación de óvulos congelados, Fertilización + Transferencia en fresco GDL",18103.45,
GDL,Congelación y Almacenamiento de Gametos,Congelamiento de semen (por depósito) CDMX - GDL - MET,17672.41,193.0
GDL,Consultas,Consulta primera vez SOP,40861.96,259.0
GDL,Consultas,Check up ginecologico,36637.9,49.0
GDL,Consultas,Check up Fertilidad Parejas,35086.19,288.0
GDL,Consultas,Check up Fertilidad Mujeres,33982.73,60.0
GDL,Consultas,Consulta de primera vez,31810.3,34.0
GDL,Consultas,Colocacion DIU Mirena [Consultorio],12284.49,
GDL,Consultas,Check up Integral,9051.72,
GDL,Consultas,Consulta obstetricia,7758.6,
GDL,Consultas,Uso de consultorio1hr con US,1120.68,18.0
GDL,Consultas,Check up Fertilidad Hombres GDL,0.0,-100.0
GDL,Consultas,Plática de resultados,0.0,-100.0
GDL,Farmacia,GONAL-F PEN2.0 - 900IU,136500.0,11.0
GDL,Farmacia,PERGOVERIS PEN 900/450IU,130170.01,186.0
GDL,Farmacia,Merapur 75 UI (por ampolla),55180.0,13.0
GDL,Farmacia,Cetrotide 0.25mg,40614.4,69.0
GDL,Farmacia,OVIDREL F-PEN 250MCG - PLUMAS,23030.0,106.0
GDL,Farmacia,PRIMOGYN 2 MG C/28 GRAG,17000.0,467.0
GDL,Farmacia,GONAL-F PEN2.0 - 300IU,16500.0,200.0
GDL,Farmacia,UTROGESTAN 200 MG 14 CÁPSULAS,9800.0,250.0
GDL,Farmacia,Gonapeptyl Daily 0.1 (por ampolla),6528.0,240.0
GDL,Farmacia,Letz 2.5mg,3040.0,90.0
GDL,Farmacia,SUPLEMENTO ONE,1034.48,0.0
GDL,Farmacia,PROVERA 5 MG 24 TAB,450.0,
GDL,Farmacia,ASPIRINA PROTEC 100MG 28 TAB,240.0,
GDL,Farmacia,MYO D-CHIRO 40:1 (HOLIHERB),0.0,-100.0
GDL,Imágenes,Ultrasonido,5172.4,-68.0
GDL,Laboratorio,PGT-A por embrion,362069.07,0.0
GDL,Laboratorio,Fragmentación del ADN espermático,47586.26,245.0
GDL,Laboratorio,Perfil ETS,28448.28,30.0
GDL,Laboratorio,Espermatobioscopía (ED),10215.49,-34.0
GDL,Laboratorio,Antimulleriana AMH (Nanogramos),8620.7,67.0
GDL,Laboratorio,Paquete Análisis Serología,8620.68,100.0
GDL,Laboratorio,"Vitamina D 1,25-di-hidroxi colecalciferol (Con D3)",5646.55,-56.0
GDL,Laboratorio,Panel de detección de 10 ETS,4741.38,
GDL,Laboratorio,Papanicolaou,3060.35,-9.0
GDL,Laboratorio,Química Sanguínea 28 elementos,2931.04,0.0
GDL,Laboratorio,Perfil de lípidos,2475.0,-43.0
GDL,Laboratorio,TSH,2288.79,195.0
GDL,Laboratorio,Estradiol,1564.65,200.0
GDL,Laboratorio,Hormona Luteinizante (LH),1564.65,200.0
GDL,Laboratorio,Biopsia de endometrio,1551.72,0.0
GDL,Laboratorio,Testosterona biodisponible,1379.31,
GDL,Laboratorio,Insulina basal,1370.69,-48.0
GDL,Laboratorio,Prolactina,1163.79,50.0
GDL,Laboratorio,Cultivo de Exudado Vaginal,1120.68,-33.0
GDL,Laboratorio,Testosterona Libre,1077.59,
GDL,Laboratorio,"Ac. Anti TPO (Tiroperoxidasa, Microsomales)",1060.19,
GDL,Laboratorio,Perfil preparación endometrial,956.0,
GDL,Laboratorio,Tiempos de Coagulación,905.17,
GDL,Laboratorio,Perfil pre operatorios,862.06,
GDL,Laboratorio,T4 - Libre,827.58,-13.0
GDL,Laboratorio,Espermocultivo,818.97,0.0
GDL,Laboratorio,Testosterona Total y Testosterona Libre,818.97,0.0
GDL,Laboratorio,Vitamina B-12,810.34,
GDL,Laboratorio,Biometria Hemática Pack,775.86,
GDL,Laboratorio,FSH,775.86,131.0
GDL,Laboratorio,Grupo Sanguíneo RH,637.94,
GDL,Laboratorio,Perfil Hepatico,566.38,-10.0
GDL,Laboratorio,CA 125,560.34,
GDL,Laboratorio,Cultivo de anaerobios,560.34,
GDL,Laboratorio,Cultivo de secreción,560.34,
GDL,Laboratorio,Química Sanguínea 6 elementos,504.31,442.0
GDL,Laboratorio,Progesterona,387.93,
GDL,Laboratorio,VDRL,387.93,
GDL,Laboratorio,Globulina Transportadora de Hormonas sexuales ( SHBG),293.1,0.0
GDL,Laboratorio,Testosterona Total,275.86,
GDL,Laboratorio,Glucosa,189.66,-50.0
GDL,Laboratorio,Acido úrico,0.0,-100.0
GDL,Laboratorio,BUN,0.0,-100.0
GDL,Laboratorio,Creatinina,0.0,-100.0
GDL,Laboratorio,Hemoglobina glicosilada,0.0,-100.0
GDL,Laboratorio,Hepatitis B superficie HBsAg,0.0,-100.0
GDL,Laboratorio,Paquete Hormonas Basales,0.0,-100.0
GDL,Laboratorio,Subunidad beta cuantitativa,0.0,-100.0
GDL,Laboratorio,T3 - Total,0.0,-100.0
GDL,Laboratorio,T4 - Total,0.0,-100.0
GDL,Otros,Servicios Administrativos,0.0,-100.0
GDL,Otros,Traslado de gametos locales,0.0,-100.0
GDL,Procedimientos / Quirúrgicos,Histeroscopia diagnostica,43103.44,25.0
GDL,Procedimientos / Quirúrgicos,Sedación (Anestesia),5172.41,
GDL,Procedimientos / Quirúrgicos,[EX] Histeroscopia diagnostica,0.0,-100.0
GDL,Tratamientos de Fertilidad (FIV/ICSI),[EX] Captura GDL,204958.09,2278.0
GDL,Tratamientos de Fertilidad (FIV/ICSI),FIV con 3 Transferencias / IVF with 3 Transfers- GDL,151724.14,88.0
GDL,Tratamientos de Fertilidad (FIV/ICSI),[EX] Transferencia de congelados GDL,75000.0,500.0
GDL,Tratamientos de Fertilidad (FIV/ICSI),[EX] Fertilización,65700.83,989.0
GDL,Tratamientos de Fertilidad (FIV/ICSI),Inseminacion GDL,62198.29,290.0
GDL,Tratamientos de Fertilidad (FIV/ICSI),[EX] Transferencia GDL,36206.88,200.0
GDL,Tratamientos de Fertilidad (FIV/ICSI),"[EX] Inseminación Intrauterina (Incluye: Uso de consultorio, enfermera, capacitación y consumibles)",32327.6,150.0
GDL,Tratamientos de Fertilidad (FIV/ICSI),[EX] Biopsia testicular para FIV/ ICSI,13793.1,
GDL,Tratamientos de Fertilidad (FIV/ICSI),[EX] Captura sin recuperación GDL,12931.04,
GDL,Tratamientos de Fertilidad (FIV/ICSI),Donación esperma - LAFER - Europeo,0.0,-100.0
GDL,Tratamientos de Fertilidad (FIV/ICSI),Donación esperma - LAFER - Extranjero,0.0,-100.0
GDL,Tratamientos de Fertilidad (FIV/ICSI),Donación esperma - LAFER - Nacional,0.0,-100.0
GDL,Tratamientos de Fertilidad (FIV/ICSI),[EX] Captura + Fertilización GDL,0.0,-100.0
GDL,Tratamientos de Fertilidad (FIV/ICSI),[FET] Transferencia de Embrión Congelado GDL - MET,0.0,-100.0
GDL,Wellness,Consulta de nutrición GDL,2413.79,75.0
GDL,Wellness,Terapia individual - GDL,1034.48,0.0
MTP,Congelación y Almacenamiento de Gametos,Congelamiento de embriones MET,54956.9,
MTP,Congelación y Almacenamiento de Gametos,Almacenamiento de gametos 1 año,43103.42,900.0
MTP,Congelación y Almacenamiento de Gametos,Almacenamiento de gametos 5 años,17241.38,
MTP,Congelación y Almacenamiento de Gametos,Congelamiento de semen (por depósito) CDMX - GDL - MET,4310.34,0.0
MTP,Consultas,Check up Fertilidad Parejas,9051.72,200.0
MTP,Consultas,Check up Fertilidad Mujeres,3622.41,-51.0
MTP,Consultas,Check up ginecologico,1293.1,-67.0
MTP,Consultas,Consulta de primera vez,0.0,-100.0
MTP,Consultas,Plática de resultados,0.0,-100.0
MTP,Farmacia,GONAL-F PEN2.0 - 900IU,95550.0,17.0
MTP,Farmacia,Merapur 75 UI (por ampolla),68530.0,-19.0
MTP,Farmacia,Cetrotide 0.25mg,28056.0,50.0
MTP,Farmacia,GONAL-F PEN2.0 - 300IU,22000.0,-20.0
MTP,Farmacia,OVIDREL F-PEN 250MCG - PLUMAS,14100.0,100.0
MTP,Farmacia,UTROGESTAN 100MG CAP CAJ C/30,8450.0,-35.0
MTP,Farmacia,Gonapeptyl Daily 0.1 (por ampolla),4800.0,150.0
MTP,Farmacia,PRIMOGYN 2 MG C/28 GRAG,4000.0,-33.0
MTP,Farmacia,REGENESIX MAX CAPSULAS,2400.0,
MTP,Farmacia,SUPLEMENTO - FORCELL MEN,2362.0,-67.0
MTP,Farmacia,LEVONORGESTREL/ ETINILESTRADIOL 0.15/0.03MG 21 TAB (MICROGYNON),1656.0,
MTP,Farmacia,NOCELE 30 CAPSULAS,1500.0,
MTP,Farmacia,Letz 2.5mg,800.0,
MTP,Farmacia,PREDNISONA 20 MG C/30 TAB (METICORTEN) ASPEN,750.0,-50.0
MTP,Farmacia,ASPIRINA PROTEC 100MG 28 TAB,720.0,50.0
MTP,Farmacia,OGESTAN ANDRACTIV 30 CAPSULAS,500.0,
MTP,Farmacia,OMEGA 3 DE 90 CÁPS (MATTER),0.0,-100.0
MTP,Farmacia,SUPLEMENTO - FORCELL FEM,0.0,-100.0
MTP,Imágenes,Ultrasonido,5172.4,-33.0
MTP,Imágenes,Histerosonografía,3017.24,
MTP,Laboratorio,PGT-A por embrion,178060.34,
MTP,Laboratorio,Paquete estudios diagnóstico - MET,18750.0,-44.0
MTP,Laboratorio,Espermatobioscopía (ED),5172.4,-20.0
MTP,Laboratorio,Paquete Análisis Serología,4310.34,-71.0
MTP,Laboratorio,Papanicolaou,3362.07,200.0
MTP,Laboratorio,Perfil androgenico femenino,2155.17,-50.0
MTP,Laboratorio,Perfil tiroideo sin anticuerpos,1793.1,0.0
MTP,Laboratorio,Insulina basal,1422.42,-25.0
MTP,Laboratorio,Perfil bioquímico de 24 elementos,1185.34,0.0
MTP,Laboratorio,Prolactina,387.93,0.0
MTP,Laboratorio,TSH,387.93,0.0
MTP,Laboratorio,Glucosa,379.32,0.0
MTP,Laboratorio,Examen general de orina,232.76,-50.0
MTP,Laboratorio,Estradiol,0.0,-100.0
MTP,Laboratorio,FSH,0.0,-100.0
MTP,Laboratorio,Grupo Sanguíneo RH,0.0,-100.0
MTP,Laboratorio,Hormona Luteinizante (LH),0.0,-100.0
MTP,Laboratorio,Química Sanguínea 28 elementos,0.0,-100.0
MTP,Laboratorio,Subunidad beta cuantitativa,0.0,-100.0
MTP,Laboratorio,Tiempos de Coagulación,0.0,-100.0
MTP,Procedimientos / Quirúrgicos,Biopsia testicular,28000.0,
MTP,Tratamientos de Fertilidad (FIV/ICSI),FIV con 3 Transferencias / IVF with 3 Transfers- MET,230387.94,65.0
MTP,Tratamientos de Fertilidad (FIV/ICSI),3 Coitos Programados - MET,8620.69,
total,Congelación y Almacenamiento de Gametos,Almacenamiento de gametos 1 año,589008.27,28.0
total,Congelación y Almacenamiento de Gametos,Congelamiento de óvulos CDMX,555818.97,-27.0
total,Congelación y Almacenamiento de Gametos,Almacenamiento de gametos 5 años,457327.5,38.0
total,Congelación y Almacenamiento de Gametos,Congelamiento de óvulos GDL - MET,256034.49,
total,Congelación y Almacenamiento de Gametos,[EX] Vitrificación,173729.75,66.0
total,Congelación y Almacenamiento de Gametos,Congelamiento de embriones CDMX,165517.24,
total,Congelación y Almacenamiento de Gametos,[EX] Captura+ Vitrificacion de ovocitos CDMX,160258.95,-2.0
total,Congelación y Almacenamiento de Gametos,[EX] Captura + Fertilización + VItrificación (Embryo Freezing) GDL,60344.82,100.0
total,Congelación y Almacenamiento de Gametos,[EX] Desvitrificación GDL,59666.35,230.0
total,Congelación y Almacenamiento de Gametos,Congelamiento de embriones MET,54956.9,
total,Congelación y Almacenamiento de Gametos,Congelamiento de semen (por depósito) CDMX - GDL - MET,47844.82,50.0
total,Congelación y Almacenamiento de Gametos,[EX] Captura+ Vitrificacion de ovocitos GDL,42241.38,-42.0
total,Congelación y Almacenamiento de Gametos,Desvitrificación (4 cryotops),40474.14,
total,Congelación y Almacenamiento de Gametos,[EX] Desvitrificación CDMX,21340.99,169.0
total,Congelación y Almacenamiento de Gametos,"[EX] Desvitrificación de óvulos congelados, Fertilización + Transferencia en fresco CDMX",21120.69,
total,Congelación y Almacenamiento de Gametos,"[EX] Desvitrificación de óvulos congelados, Fertilización + Transferencia en fresco GDL",18103.45,
total,Congelación y Almacenamiento de Gametos,EmbryoScope Kit Interno,17241.38,-53.0
total,Congelación y Almacenamiento de Gametos,Vitrificación de óvulos/embriones - CDMX,16982.76,
total,Congelación y Almacenamiento de Gametos,(EX) EmbryoScope Kit,6896.55,0.0
total,Congelación y Almacenamiento de Gametos,(Ex) Mensualidad criopreservación óvulos y/o embriones,4862.07,176.0
total,Congelación y Almacenamiento de Gametos,Congelamiento de semen (por depósito) CDMX,4525.86,5.0
total,Congelación y Almacenamiento de Gametos,Desvitrificación,0.0,-100.0
total,Congelación y Almacenamiento de Gametos,[EX] Anualidad Criopreservación de  Embriones,0.0,-100.0
total,Consultas,Consulta de primera vez,108706.76,60.0
total,Consultas,Check up Fertilidad Mujeres,98180.95,2.0
total,Consultas,Check up Fertilidad Parejas,89396.51,44.0
total,Consultas,Check up ginecologico,54142.2,13.0
total,Consultas,Consulta primera vez SOP,42413.68,193.0
total,Consultas,Colocacion DIU Mirena [Consultorio],12284.49,90.0
total,Consultas,Check up Integral,9051.72,
total,Consultas,Cita primera vez IPS,8620.7,233.0
total,Consultas,Check up Fertilidad Hombres GDL,8362.06,-22.0
total,Consultas,Consulta obstetricia,7758.6,
total,Consultas,check up integral,6034.48,
total,Consultas,Check up Fertilidad Hombres,2155.17,33.0
total,Consultas,Uso de consultorio1hr con US,1681.02,-19.0
total,Consultas,Colocacion DIU PLATA,0.0,-100.0
total,Consultas,Consulta subsecuente,0.0,-100.0
total,Consultas,Plática de resultados,0.0,-100.0
total,Farmacia,GONAL-F PEN2.0 - 900IU,748293.0,17.0
total,Farmacia,PERGOVERIS PEN 900/450IU,611031.01,-6.0
total,Farmacia,Merapur 75 UI (por ampolla),501799.8,12.0
total,Farmacia,Cetrotide 0.25mg,300038.88,5.0
total,Farmacia,PRIMOGYN 2 MG C/28 GRAG,261700.0,0.0
total,Farmacia,UTROGESTAN 200 MG 14 CÁPSULAS,177016.0,1.0
total,Farmacia,OVIDREL F-PEN 250MCG - PLUMAS,122764.0,39.0
total,Farmacia,GONAL-F PEN2.0 - 300IU,121000.0,-4.0
total,Farmacia,PERGOVERIS PEN 450/225IU,57104.0,129.0
total,Farmacia,CUERPO AMARILLO FTE 6X2 50ML/2MG AMP (PROGESTERONA),56952.0,-11.0
total,Farmacia,Gonapeptyl Daily 0.1 (por ampolla),44390.4,1.0
total,Farmacia,REKOVELLE SOL FOR INJ 36MCG/1.08ML CON 6 AGUJA,19696.0,-33.0
total,Farmacia,REKOVELLE SOL FOR INJ 72MCG/2.16ML CON 9 AGUJA,18300.0,-75.0
total,Farmacia,Letz 2.5mg,16544.0,314.0
total,Farmacia,SUPLEMENTO - FORCELL MEN,16534.0,75.0
total,Farmacia,ASPIRINA PROTEC 100MG 28 TAB,11731.2,-25.0
total,Farmacia,UTROGESTAN 100MG CAP CAJ C/30,8450.0,-35.0
total,Farmacia,SUPLEMENTO - FORCELL DUO,7849.14,131.0
total,Farmacia,OESTROGEL .0.06 / 100 G (ESTRADIOL EN GEL),4500.0,-67.0
total,Farmacia,SUPLEMENTO - FORCELL FEM,4475.0,0.0
total,Farmacia,REGENESIX MAX CAPSULAS,3200.0,
total,Farmacia,LEVONORGESTREL/ ETINILESTRADIOL 0.15/0.03MG 21 TAB (MICROGYNON),2484.0,200.0
total,Farmacia,DUPHASTON 10 MG 20 TAB,2250.0,0.0
total,Farmacia,MOMENTS 50 MG 30 TABc,1900.0,100.0
total,Farmacia,NOCELE 30 CAPSULAS,1500.0,
total,Farmacia,SUPLEMENTO ONE,1034.48,0.0
total,Farmacia,PREDNISONA 20 MG C/30 TAB (METICORTEN) ASPEN,750.0,-75.0
total,Farmacia,OGESTAN ANDRACTIV 30 CAPSULAS,500.0,
total,Farmacia,PROVERA 5 MG 24 TAB,450.0,
total,Farmacia,LAB - RI WITNESS RFDI PATIENT ID CARDS 6-70-100/50 (PAQUETE 50 PZAS),431.03,
total,Farmacia,Ceftriaxona,300.0,
total,Farmacia,MYO D-CHIRO 40:1 (HOLIHERB),0.0,-100.0
total,Farmacia,OMEGA 3 DE 90 CÁPS (MATTER),0.0,-100.0
total,Farmacia,PERGOVERIS PEN 300/150IU,0.0,-100.0
total,Imágenes,Ultrasonido,43232.64,-46.0
total,Imágenes,Histerosonografía,6034.48,0.0
total,Laboratorio,PGT-A por embrion,1590043.15,34.0
total,Laboratorio,Perfil ETS,192827.62,12.0
total,Laboratorio,Paquete Análisis Serología,123383.49,9.0
total,Laboratorio,Fragmentación del ADN espermático,101810.46,10.0
total,Laboratorio,Perfil prenatal,70172.52,69.0
total,Laboratorio,Antimulleriana AMH (Nanogramos),37931.08,121.0
total,Laboratorio,Espermatobioscopía (ED),30749.93,-18.0
total,Laboratorio,Paquete estudios diagnóstico - MET,18750.0,-44.0
total,Laboratorio,Papanicolaou,16508.63,-2.0
total,Laboratorio,"Vitamina D 1,25-di-hidroxi colecalciferol (Con D3)",11163.79,-39.0
total,Laboratorio,Perfil Tiroideo con Ac. Antitiroideos,11120.7,21.0
total,Laboratorio,Insulina basal,8928.48,-42.0
total,Laboratorio,Prolactina,8534.46,-8.0
total,Laboratorio,Cariotipo en sangre periférica,7887.93,
total,Laboratorio,Paquete Hormonas Basales,7758.63,-75.0
total,Laboratorio,Química Sanguínea 28 elementos,7239.67,-41.0
total,Laboratorio,Biopsia de endometrio,6206.88,300.0
total,Laboratorio,Perfil TORCH IgG e IgM,6034.48,0.0
total,Laboratorio,Hormona Luteinizante (LH),5215.5,-23.0
total,Laboratorio,Perfil de lípidos,5035.35,-3.0
total,Laboratorio,Panel de detección de 10 ETS,4741.38,
total,Laboratorio,Progesterona,4655.16,9.0
total,Laboratorio,TSH,4616.37,-30.0
total,Laboratorio,Cultivos infecciosos masculinos,4310.34,
total,Laboratorio,Marcadores tumorales ovario,4137.93,
total,Laboratorio,Cultivo de Exudado Vaginal,3922.38,-46.0
total,Laboratorio,Perfil preparación endometrial,3824.0,700.0
total,Laboratorio,Perfil tiroideo sin anticuerpos,3586.2,100.0
total,Laboratorio,Perfil pre operatorio CDMX,3448.24,14.0
total,Laboratorio,Espermocultivo,3275.88,-20.0
total,Laboratorio,Urocultivo,3275.88,100.0
total,Laboratorio,Estradiol,3129.3,-45.0
total,Laboratorio,patología,3103.44,
total,Laboratorio,[EX] Espermatobioscopía,2586.2,100.0
total,Laboratorio,Hemoglobina glicosilada,2370.7,-71.0
total,Laboratorio,Subunidad beta cuantitativa,2370.7,-29.0
total,Laboratorio,Perfil androgenico femenino,2155.17,-50.0
total,Laboratorio,Glucosa,1991.43,-42.0
total,Laboratorio,Perfil inicio,1985.18,
total,Laboratorio,Hepatitis C,1637.94,
total,Laboratorio,Panel de drogas en orina (III),1594.83,0.0
total,Laboratorio,Perfil disparo captura,1434.0,-45.0
total,Laboratorio,Testosterona biodisponible,1379.31,
total,Laboratorio,Tiempos de Coagulación,1357.76,-25.0
total,Laboratorio,Testosterona Total,1353.45,
total,Laboratorio,Perfil bioquímico de 24 elementos,1185.34,0.0
total,Laboratorio,FSH,1163.79,-62.0
total,Laboratorio,Perfil preoperatorio básico,1120.69,
total,Laboratorio,Testosterona Libre,1077.59,
total,Laboratorio,"Ac. Anti TPO (Tiroperoxidasa, Microsomales)",1060.19,
total,Laboratorio,Perfil seguimiento folicular,956.0,-71.0
total,Laboratorio,Hepatitis B superficie HBsAg,862.07,0.0
total,Laboratorio,Perfil pre operatorios,862.06,33.0
total,Laboratorio,T4 - Libre,827.58,-53.0
total,Laboratorio,Testosterona Total y Testosterona Libre,818.97,-67.0
total,Laboratorio,Vitamina B-12,810.34,-19.0
total,Laboratorio,Biometria Hemática Pack,775.86,-32.0
total,Laboratorio,VDRL,775.86,
total,Laboratorio,Examen general de orina,698.28,-57.0
total,Laboratorio,Hepatitis B HBeAg,646.55,
total,Laboratorio,Grupo Sanguíneo RH,637.94,0.0
total,Laboratorio,Globulina Transportadora de Hormonas sexuales ( SHBG),586.2,0.0
total,Laboratorio,Perfil Hepatico,566.38,-10.0
total,Laboratorio,CA 125,560.34,
total,Laboratorio,Cultivo de anaerobios,560.34,
total,Laboratorio,Cultivo de secreción,560.34,
total,Laboratorio,Citomegalovirus IgG,536.21,
total,Laboratorio,Citomegalovirus IgM,536.21,
total,Laboratorio,Química Sanguínea 6 elementos,504.31,-23.0
total,Laboratorio,Perfil pre transferencia,478.0,0.0
total,Laboratorio,Cultivo de orina,474.14,
total,Laboratorio,Creatinina,90.0,-50.0
total,Laboratorio,Acido úrico,0.0,-100.0
total,Laboratorio,Androstenediona,0.0,-100.0
total,Laboratorio,BUN,0.0,-100.0
total,Laboratorio,DHA-S (DHEA-SO4),0.0,-100.0
total,Laboratorio,Estudio Homosisteina,0.0,-100.0
total,Laboratorio,"FSH, LH, Estradiol",0.0,-100.0
total,Laboratorio,Ferritina,0.0,-100.0
total,Laboratorio,Folatos,0.0,-100.0
total,Laboratorio,Idice HOMA,0.0,-100.0
total,Laboratorio,Patología Biopsia de endometrio,0.0,-100.0
total,Laboratorio,Perfil bioquímico de 35 elementos,0.0,-100.0
total,Laboratorio,Perfil pre captura,0.0,-100.0
total,Laboratorio,Química Sanguínea 29 elementos,0.0,-100.0
total,Laboratorio,T3 - Total,0.0,-100.0
total,Laboratorio,T4 - Total,0.0,-100.0
total,Laboratorio,Vitamina D,0.0,-100.0
total,Otros,Traslado de gametos nacional,25862.06,
total,Otros,Servicios Administrativos,2586.21,-94.0
total,Otros,Traslado de gametos locales,2586.21,-67.0
total,Otros,Devolución,0.0,-100.0
total,Procedimientos / Quirúrgicos,Histeroscopia diagnostica,258620.66,18.0
total,Procedimientos / Quirúrgicos,[EX] Histeroscopia diagnostica,75431.05,38.0
total,Procedimientos / Quirúrgicos,Biopsia testicular,56000.17,
total,Procedimientos / Quirúrgicos,Sedación (Anestesia),5172.41,-48.0
total,Procedimientos / Quirúrgicos,Aspiración de quiste - CDMX,0.0,-100.0
total,Procedimientos / Quirúrgicos,Histeroscopia con energia,0.0,-100.0
total,Procedimientos / Quirúrgicos,Uso de Quirófano,0.0,-100.0
total,Procedimientos / Quirúrgicos,[EX] Punción de quiste GDL,0.0,-100.0
total,Subrogación,All Inclusive Surrogacy Package CDMX,819396.91,51.0
total,Subrogación,Integrated Frozen Donor Surrogacy Package CDMX,546206.9,
total,Subrogación,Essentials Surrogacy Package CDMX,94655.17,
total,Subrogación,Valoración subrogada,2844.82,-33.0
total,Tratamientos de Fertilidad (FIV/ICSI),FIV con 3 Transferencias / IVF with 3 Transfers - CDMX,1496551.76,-6.0
total,Tratamientos de Fertilidad (FIV/ICSI),[FET] Transferencia de Embrión Congelado CDMX,896961.12,20.0
total,Tratamientos de Fertilidad (FIV/ICSI),[EX] Captura + fertilización CDMX,287500.0,-13.0
total,Tratamientos de Fertilidad (FIV/ICSI),Óvulos FI,250000.0,
total,Tratamientos de Fertilidad (FIV/ICSI),20 Óvulos Garantizados / 20 Eggs Guaranteed CDMX,232758.62,100.0
total,Tratamientos de Fertilidad (FIV/ICSI),FIV con 3 Transferencias / IVF with 3 Transfers- MET,230387.94,65.0
total,Tratamientos de Fertilidad (FIV/ICSI),[EX] Captura GDL,204958.09,2278.0
total,Tratamientos de Fertilidad (FIV/ICSI),[EX] Transferencia de congelados CDMX,195754.13,-15.0
total,Tratamientos de Fertilidad (FIV/ICSI),FIV con 3 Transferencias / IVF with 3 Transfers- GDL,151724.14,88.0
total,Tratamientos de Fertilidad (FIV/ICSI),Donadora de ovulos categoria 3,146551.72,
total,Tratamientos de Fertilidad (FIV/ICSI),[EX] Fertilización,83200.82,1279.0
total,Tratamientos de Fertilidad (FIV/ICSI),[EX] Transferencia de congelados GDL,75000.0,500.0
total,Tratamientos de Fertilidad (FIV/ICSI),Inseminacion GDL,62198.29,290.0
total,Tratamientos de Fertilidad (FIV/ICSI),Donante Europeo E,47413.79,
total,Tratamientos de Fertilidad (FIV/ICSI),[EX] Captura CDMX,43620.69,
total,Tratamientos de Fertilidad (FIV/ICSI),Donación esperma - LAFER - Europeo,43103.44,0.0
total,Tratamientos de Fertilidad (FIV/ICSI),"[EX] Inseminación Intrauterina (Incluye: Uso de consultorio, enfermera, capacitación y consumibles)",38793.12,100.0
total,Tratamientos de Fertilidad (FIV/ICSI),[EX] Transferencia GDL,36206.88,200.0
total,Tratamientos de Fertilidad (FIV/ICSI),"Fertilización, crecimiento y desarrollo embrionario a día 5",33965.52,
total,Tratamientos de Fertilidad (FIV/ICSI),Inseminacion CDMX,30603.45,-47.0
total,Tratamientos de Fertilidad (FIV/ICSI),Donante Europeo M,24137.93,
total,Tratamientos de Fertilidad (FIV/ICSI),[EX] Captura sin recuperación CDMX,16810.34,
total,Tratamientos de Fertilidad (FIV/ICSI),[EX] Biopsia testicular para FIV/ ICSI,13793.1,0.0
total,Tratamientos de Fertilidad (FIV/ICSI),[EX] Captura sin recuperación GDL,12931.04,
total,Tratamientos de Fertilidad (FIV/ICSI),3 Coitos Programados - MET,8620.69,
total,Tratamientos de Fertilidad (FIV/ICSI),Coito programado - CDMX,8620.68,100.0
total,Tratamientos de Fertilidad (FIV/ICSI),Donación esperma - LAFER - Extranjero,0.0,-100.0
total,Tratamientos de Fertilidad (FIV/ICSI),Donación esperma - LAFER - Nacional,0.0,-100.0
total,Tratamientos de Fertilidad (FIV/ICSI),Preparación endometrial,0.0,-100.0
total,Tratamientos de Fertilidad (FIV/ICSI),Transferencia embrionaria - CDMX,0.0,-100.0
total,Tratamientos de Fertilidad (FIV/ICSI),[EX] Captura + Fertilización GDL,0.0,-100.0
total,Tratamientos de Fertilidad (FIV/ICSI),[FET] Transferencia de Embrión Congelado GDL - MET,0.0,-100.0
total,Wellness,Sesión de Acupuntura - CDMX,8312.05,176.0
total,Wellness,Consulta de nutrición GDL,2413.79,75.0
total,Wellness,Sesión de Masaje - CDMX,1551.72,
total,Wellness,Terapia individual - GDL,1034.48,0.0
total,Wellness,Consulta de nutrición CDMX,0.0,-100.0
